{"coef": [10.537117379434296, 1.1824155367734495, 0.014448912810462568, -0.0003858381167795596], "extrusion_to_carriage_slack": 67.4, "extrusion_to_carriage_max_pull": 111.79, "max_pull": 39.29}