{
  "coef": [
    10.537588414844372,
    1.1822249858458647,
    0.014463792336676126,
    -0.00038613358263112123
  ],
  "extrusion_to_carriage_slack": 67.4,
  "extrusion_to_carriage_max_pull": 111.79,
  "max_pull": 39.29,
  "direction": "pulling",
  "pull_ratio": 1.2790733878055491,
  "pull_ratio_calc": {
    "dropout_width": 11.2,
    "small_cog_offset": 2.2,
    "small_cog_position": 13.399999999999999,
    "smallest_cog_pull": 2.357490797100693,
    "second_smallest_cog_pull": 4.836447618307643,
    "second_biggest_cog_pull": 29.463650639115688,
    "biggest_cog_pull": 32.74404155414979,
    "biggest_cog_position": 51.199999999999996,
    "total_pitch_inner_cogs": 31.5,
    "pull_ratio": 1.2790733878055491,
    "coefficients": [
      10.537588414844372,
      1.1822249858458647,
      0.014463792336676126,
      -0.00038613358263112123
    ]
  },
  "number_of_measurements": 126,
  "meas_method_percent_diff": -0.7822977201609329
}