{
  "coef": [
    10.530827820750584,
    1.2321403964788193,
    0.012320478273818247,
    -0.0003638728016450869
  ],
  "extrusion_to_carriage_slack": 67.43,
  "extrusion_to_carriage_max_pull": 111.82,
  "max_pull": 38.18,
  "number_of_measurements": 125
}