{
  "coef": [
    10.530827820750584,
    1.2321403964788193,
    0.012320478273818247,
    -0.0003638728016450869
  ],
  "extrusion_to_carriage_slack": 67.43,
  "extrusion_to_carriage_max_pull": 111.82,
  "max_pull": 38.18,
  "direction": "relaxing",
  "pull_ratio": 1.2805883462637726,
  "pull_ratio_calc": {
    "dropout_width": 11.2,
    "small_cog_offset": 2.2,
    "small_cog_position": 13.399999999999999,
    "smallest_cog_pull": 2.2801232212641454,
    "second_smallest_cog_pull": 4.695264647401784,
    "second_biggest_cog_pull": 29.293333255400583,
    "biggest_cog_pull": 32.61647242391892,
    "biggest_cog_position": 51.199999999999996,
    "total_pitch_inner_cogs": 31.5,
    "pull_ratio": 1.2805883462637726,
    "coefficients": [
      10.530827820750584,
      1.2321403964788193,
      0.012320478273818247,
      -0.0003638728016450869
    ]
  },
  "number_of_measurements": 125,
  "meas_method_percent_diff": -0.4038590980480297
}