{
  "coef": [
    10.537588414844372,
    1.1822249858458647,
    0.014463792336676126,
    -0.00038613358263112123
  ],
  "extrusion_to_carriage_slack": 67.4,
  "extrusion_to_carriage_max_pull": 111.79,
  "max_pull": 39.29,
  "number_of_measurements": 126,
  "meas_method_percent_diff": -0.7822977201609329
}