{
  "coef": [
    10.001619563334984,
    1.2207830113900857,
    0.011168699860701178,
    -0.0003164611389985537
  ],
  "extrusion_to_carriage_slack": 67.41,
  "extrusion_to_carriage_max_pull": 112.52,
  "max_pull": 40.48
}