{
  "coef": [
    10.354042539536103,
    1.1615591502519902,
    0.016029768115490547,
    -0.0004129843837255779
  ],
  "extrusion_to_carriage_slack": 67.31,
  "extrusion_to_carriage_max_pull": 112.24,
  "max_pull": 39.86999999999999,
  "direction": "pulling",
  "pull_ratio": 1.2831004832208108,
  "pull_ratio_calc": {
    "dropout_width": 11.2,
    "small_cog_offset": 2.2,
    "small_cog_position": 13.399999999999999,
    "smallest_cog_pull": 2.53914749520459,
    "second_smallest_cog_pull": 5.030236337533956,
    "second_biggest_cog_pull": 29.580145258875323,
    "biggest_cog_pull": 32.884909652568645,
    "biggest_cog_position": 51.199999999999996,
    "total_pitch_inner_cogs": 31.5,
    "pull_ratio": 1.2831004832208108,
    "coefficients": [
      10.354042539536103,
      1.1615591502519902,
      0.016029768115490547,
      -0.0004129843837255779
    ]
  },
  "number_of_measurements": 126,
  "meas_method_percent_diff": -0.3990246065174327
}