{
  "coef": [
    10.575011700903612,
    1.227968985131399,
    0.012072801404516298,
    -0.0003505018452966856
  ],
  "extrusion_to_carriage_slack": 67.41,
  "extrusion_to_carriage_max_pull": 112.07,
  "max_pull": 39.410000000000004
}