{
  "coef": [
    10.739746315495776,
    1.22412338888131,
    0.012536885526466712,
    -0.0003519602119363443
  ],
  "extrusion_to_carriage_slack": 67.56,
  "extrusion_to_carriage_max_pull": 112.15,
  "max_pull": 39.06,
  "direction": "relaxing",
  "pull_ratio": 1.2963181070355674,
  "pull_ratio_calc": {
    "dropout_width": 11.2,
    "small_cog_offset": 2.2,
    "small_cog_position": 13.399999999999999,
    "smallest_cog_pull": 2.12952344516528,
    "second_smallest_cog_pull": 4.560711349779096,
    "second_biggest_cog_pull": 28.860302498771453,
    "biggest_cog_pull": 31.982621862545056,
    "biggest_cog_position": 51.199999999999996,
    "total_pitch_inner_cogs": 31.5,
    "pull_ratio": 1.2963181070355674,
    "coefficients": [
      10.739746315495776,
      1.22412338888131,
      0.012536885526466712,
      -0.0003519602119363443
    ]
  },
  "number_of_measurements": 127,
  "meas_method_percent_diff": -1.393188854489154
}