{
  "coef": [
    10.354042539536103,
    1.1615591502519902,
    0.016029768115490547,
    -0.0004129843837255779
  ],
  "extrusion_to_carriage_slack": 67.31,
  "extrusion_to_carriage_max_pull": 112.24,
  "max_pull": 39.86999999999999,
  "number_of_measurements": 126,
  "meas_method_percent_diff": -0.3990246065174327
}