{
  "coef": [
    10.813793645002104,
    1.161019234509185,
    0.016930547701063753,
    -0.0004290426159720238
  ],
  "extrusion_to_carriage_slack": 67.56,
  "extrusion_to_carriage_max_pull": 112.15,
  "max_pull": 39.06
}