{
  "coef": [
    10.739746315495776,
    1.22412338888131,
    0.012536885526466712,
    -0.0003519602119363443
  ],
  "extrusion_to_carriage_slack": 67.56,
  "extrusion_to_carriage_max_pull": 112.15,
  "max_pull": 39.06,
  "number_of_measurements": 127,
  "meas_method_percent_diff": -1.393188854489154
}