{
  "coef": [
    10.575011700903612,
    1.227968985131399,
    0.012072801404516298,
    -0.0003505018452966856
  ],
  "extrusion_to_carriage_slack": 67.41,
  "extrusion_to_carriage_max_pull": 112.07,
  "max_pull": 39.410000000000004,
  "direction": "relaxing",
  "pull_ratio": 1.2820737242287583,
  "pull_ratio_calc": {
    "dropout_width": 11.2,
    "small_cog_offset": 2.2,
    "small_cog_position": 13.399999999999999,
    "smallest_cog_pull": 2.2538621133128305,
    "second_smallest_cog_pull": 4.6796947467036345,
    "second_biggest_cog_pull": 29.249264658877816,
    "biggest_cog_pull": 32.49575561001811,
    "biggest_cog_position": 51.199999999999996,
    "total_pitch_inner_cogs": 31.5,
    "pull_ratio": 1.2820737242287583,
    "coefficients": [
      10.575011700903612,
      1.227968985131399,
      0.012072801404516298,
      -0.0003505018452966856
    ]
  },
  "number_of_measurements": 128,
  "meas_method_percent_diff": -1.0195035460993083
}