{
  "motionMultiplierAvg": 1.0177437066632422,
  "motionMultiplierStdev": 0.020815572774060712,
  "maxChainAngleAvg": 0.3270210160760545,
  "maxChainAngleStdev": 0.4379295474917053,
  "maxChainAngleMax": 1.2028801110594651
}