{
  "motionMultiplierAvg": 1.037314933242384,
  "motionMultiplierStdev": 0.028202697274248862,
  "motionMultiplierNumStdevs": 2.4055938982348404,
  "motionMultiplierMin": 0.9694706967656866,
  "motionMultiplierMax": 1.1051591697190815,
  "motionMultiplierMinObserved": 0.994640118731133,
  "motionMultiplierMaxObserved": 1.1051588876921088,
  "motionMultiplierMinConfidence": 0.016146202025473455,
  "maxChainAngleAvg": 0.3812801554633057,
  "maxChainAngleStdev": 0.4087237838247863,
  "maxChainAngleNumStdevs": 2.283226369996523,
  "maxChainAngleMax": 1.3144890767368163,
  "maxChainAngleMaxObserved": 1.3144849894989779,
  "groups": [
    "Apex 1 11-speed",
    "GX 10-speed",
    "CUES 9-speed",
    "CUES 10-speed",
    "SX Eagle 12-speed",
    "Deore 11-speed RD-M4120",
    "Deore 11-speed RD-M5120",
    "Deore 10-speed RD-M4120",
    "Deore 10-speed RD-M5120",
    "Ultegra RX 11-speed",
    "Ultegra/105 11-speed",
    "Tiagra 4700/GRX",
    "Advent X"
  ],
  "groupMotionMultipliers": [
    1.054539774947106,
    1.0166669566864963,
    1.0214582384712825,
    1.0688613859514517,
    1.0439060622995777,
    1.0266113904552208,
    1.0004503645409946,
    1.0555752290421296,
    1.0286761207932513,
    0.994640118731133,
    1.0354894427583186,
    1.0330601597819198,
    1.1051588876921088
  ],
  "groupMaxChainAngles": [
    0.6640404211299747,
    0.16509713651599914,
    0.0899245749863681,
    1.112383950748832,
    0.5480809395409922,
    0.13839315154621093,
    0.0,
    0.482837350364851,
    0.18431526152319658,
    0.14135570011651663,
    0.11572854505105519,
    0.0,
    1.3144849894989779
  ]
}