{
  "coef": [
    15.054081063617268,
    0.9351827728960067,
    0.010079528647259323,
    -0.00018952073667890902
  ],
  "extrusion_to_carriage_slack": 72.38,
  "extrusion_to_carriage_max_pull": 111.52,
  "max_pull": 39.333333333333336
}