{
  "coef": [
    15.266703998395926,
    0.994976282216468,
    0.005380753068843846,
    -8.97199004810265e-05
  ],
  "extrusion_to_carriage_slack": 72.72,
  "extrusion_to_carriage_max_pull": 112.43,
  "max_pull": 39.0
}