{
  "coef": [
    15.690708599816222,
    0.9438732438255879,
    0.009175312376479264,
    -0.00016390707118294062
  ],
  "extrusion_to_carriage_slack": 72.7,
  "extrusion_to_carriage_max_pull": 112.38,
  "max_pull": 39.333333333333336,
  "direction": "pulling",
  "pull_ratio": 1.0768521041917192,
  "pull_ratio_calc": {
    "dropout_width": 13.8,
    "small_cog_offset": 2.0,
    "small_cog_position": 15.8,
    "smallest_cog_pull": 0.11566056457984514,
    "second_smallest_cog_pull": 3.8487410634953623,
    "second_biggest_cog_pull": 34.35432290907023,
    "biggest_cog_pull": 38.14720748715417,
    "biggest_cog_position": 55.95,
    "total_pitch_inner_cogs": 32.85,
    "pull_ratio": 1.0768521041917192,
    "coefficients": [
      15.690708599816222,
      0.9438732438255879,
      0.009175312376479264,
      -0.00016390707118294062
    ]
  },
  "number_of_measurements": 125,
  "meas_method_percent_diff": -1.1952191235059861
}