{
  "coef": [
    15.485884010215159,
    0.9230527656387358,
    0.010444379692943406,
    -0.00019410916297736306
  ],
  "extrusion_to_carriage_slack": 72.52,
  "extrusion_to_carriage_max_pull": 112.1,
  "max_pull": 39.666666666666664
}