{
  "coef": [
    15.26400743697327,
    0.9955252584000476,
    0.00535094583130495,
    -8.924784015801203e-05
  ],
  "extrusion_to_carriage_slack": 72.72,
  "extrusion_to_carriage_max_pull": 112.43,
  "max_pull": 39.0
}