{
  "coef": [
    13.191550078218679,
    1.0620700796567948,
    0.0019676240140469306,
    -3.189152081000264e-05
  ],
  "extrusion_to_carriage_slack": 70.49,
  "extrusion_to_carriage_max_pull": 113.05,
  "max_pull": 41.0
}