{
  "coef": [
    15.485449901401012,
    0.9232267516444826,
    0.01043099957672264,
    -0.00019384997629146196
  ],
  "extrusion_to_carriage_slack": 72.52,
  "extrusion_to_carriage_max_pull": 112.1,
  "max_pull": 39.666666666666664
}