{
  "coef": [
    15.26400743697327,
    0.9955252584000476,
    0.00535094583130495,
    -8.924784015801203e-05
  ],
  "extrusion_to_carriage_slack": 72.72,
  "extrusion_to_carriage_max_pull": 112.43,
  "max_pull": 39.0,
  "direction": "relaxing",
  "pull_ratio": 1.081766121155622,
  "pull_ratio_calc": {
    "dropout_width": 13.8,
    "small_cog_offset": 2.0,
    "small_cog_position": 15.8,
    "smallest_cog_pull": 0.5368664322820621,
    "second_smallest_cog_pull": 4.119846299597228,
    "second_biggest_cog_pull": 34.48685387874679,
    "biggest_cog_pull": 38.026071649774885,
    "biggest_cog_position": 55.95,
    "total_pitch_inner_cogs": 32.85,
    "pull_ratio": 1.081766121155622,
    "coefficients": [
      15.26400743697327,
      0.9955252584000476,
      0.00535094583130495,
      -8.924784015801203e-05
    ]
  },
  "number_of_measurements": 125,
  "meas_method_percent_diff": -0.10062893081759004
}