{
  "coef": [
    15.690708599816222,
    0.9438732438255879,
    0.009175312376479264,
    -0.00016390707118294062
  ],
  "extrusion_to_carriage_slack": 72.7,
  "extrusion_to_carriage_max_pull": 112.38,
  "max_pull": 39.333333333333336,
  "number_of_measurements": 125,
  "meas_method_percent_diff": -1.1952191235059861
}