{
  "coef": [
    15.485884010215159,
    0.9230527656387358,
    0.010444379692943406,
    -0.00019410916297736306
  ],
  "extrusion_to_carriage_slack": 72.52,
  "extrusion_to_carriage_max_pull": 112.1,
  "max_pull": 39.666666666666664,
  "direction": "pulling",
  "pull_ratio": 1.0624140595334082,
  "pull_ratio_calc": {
    "dropout_width": 13.8,
    "small_cog_offset": 2.0,
    "small_cog_position": 15.8,
    "smallest_cog_pull": 0.3390090163610394,
    "second_smallest_cog_pull": 4.117424412282717,
    "second_biggest_cog_pull": 35.037572451764696,
    "biggest_cog_pull": 39.10993802754974,
    "biggest_cog_position": 55.95,
    "total_pitch_inner_cogs": 32.85,
    "pull_ratio": 1.0624140595334082,
    "coefficients": [
      15.485884010215159,
      0.9230527656387358,
      0.010444379692943406,
      -0.00019410916297736306
    ]
  },
  "number_of_measurements": 124,
  "meas_method_percent_diff": -0.45271629778673744
}