{
  "coef": [
    13.19155007821869,
    1.0620700796567937,
    0.0019676240140469405,
    -3.189152081000177e-05
  ],
  "extrusion_to_carriage_slack": 70.49,
  "extrusion_to_carriage_max_pull": 113.05,
  "max_pull": 41.0,
  "direction": "relaxing",
  "pull_ratio": 1.0953582324453985,
  "pull_ratio_calc": {
    "dropout_width": 13.8,
    "small_cog_offset": 2.0,
    "small_cog_position": 15.8,
    "smallest_cog_pull": 2.445366164784051,
    "second_smallest_cog_pull": 5.835568155018354,
    "second_biggest_cog_pull": 35.825756777294046,
    "biggest_cog_pull": 39.22132270595941,
    "biggest_cog_position": 55.95,
    "total_pitch_inner_cogs": 32.85,
    "pull_ratio": 1.0953582324453985,
    "coefficients": [
      13.19155007821869,
      1.0620700796567937,
      0.0019676240140469405,
      -3.189152081000177e-05
    ]
  },
  "number_of_measurements": 127,
  "meas_method_percent_diff": 0.07053844345170056
}