{
  "coef": [
    15.459710937230202,
    0.9291081101039997,
    0.009397228127276391,
    -0.00015768882957499603
  ],
  "extrusion_to_carriage_slack": 72.68,
  "extrusion_to_carriage_max_pull": 112.58,
  "max_pull": 39.0,
  "number_of_measurements": 127,
  "meas_method_percent_diff": -0.5731373037627809
}