{
  "coef": [
    13.19155007821869,
    1.0620700796567937,
    0.0019676240140469405,
    -3.189152081000177e-05
  ],
  "extrusion_to_carriage_slack": 70.49,
  "extrusion_to_carriage_max_pull": 113.05,
  "max_pull": 41.0,
  "number_of_measurements": 127
}