{
  "coef": [
    15.459564941127873,
    0.9291672054753208,
    0.009392640203254329,
    -0.00015759913738466256
  ],
  "extrusion_to_carriage_slack": 72.68,
  "extrusion_to_carriage_max_pull": 112.58,
  "max_pull": 39.0
}