{
  "coef": [
    15.055010459338177,
    0.9348125218763449,
    0.010107882275649866,
    -0.0001900685389105415
  ],
  "extrusion_to_carriage_slack": 72.38,
  "extrusion_to_carriage_max_pull": 111.52,
  "max_pull": 39.333333333333336,
  "number_of_measurements": 125,
  "meas_method_percent_diff": -0.4071246819338336
}