{
  "coef": [
    -0.5376001955034212,
    0.10464689356977085,
    -0.00365000246118155,
    7.627099071296329e-05
  ],
  "number_of_measurements": 30
}