{
  "coef": [
    -0.6063006727617738,
    0.10679912221739751,
    -0.003517909084960717,
    6.750172007320484e-05
  ],
  "number_of_measurements": 31
}