{
  "coef": [
    -0.443033034328101,
    0.08462322713492318,
    -0.0022206417707137495,
    4.523247260275339e-05
  ],
  "number_of_measurements": 31
}