{
  "coef": [
    -0.3879398826979472,
    0.060595737688340576,
    -0.00018518050358984705
  ],
  "number_of_measurements": 31
}