{
  "coef": [
    -0.5240835777126102,
    0.07094220851451107,
    -0.00048033168166649725
  ],
  "number_of_measurements": 31
}