{
  "coef": [
    -0.4539919354838708,
    0.06680885507706974,
    -0.0003322143651676458
  ],
  "number_of_measurements": 30
}