{
  "yawCoefficients": [
    -0.4553384652981427,
    0.06611560042664046,
    -0.00033257551680799667
  ],
  "yawNumberOfMeasurements": 92,
  "yawAffectsPullRatio": false
}