{
  "yawCoefficients": [
    -0.5289779675310986,
    0.09868974764069717,
    -0.0031295177722853386,
    6.300172779630718e-05
  ],
  "yawNumberOfMeasurements": 92
}