{
  "coef": [
    10.022782827751584,
    0.9830002941480585,
    0.03366587270049657,
    -0.0006213259680186636
  ],
  "extrusion_to_carriage_slack": 64.57,
  "extrusion_to_carriage_max_pull": 111.08,
  "max_pull": 31.666666666666668,
  "number_of_measurements": 104
}