{
  "coef": [
    9.515934279678806,
    1.0210668994931225,
    0.030062663362794784,
    -0.000526514143322223
  ],
  "extrusion_to_carriage_slack": 64.74,
  "extrusion_to_carriage_max_pull": 111.11,
  "max_pull": 32.333333333333336,
  "number_of_measurements": 105
}