{
  "coef": [
    11.189680466272751,
    1.1106811639493945,
    0.026615020830455534,
    -0.0004957995821949789
  ],
  "extrusion_to_carriage_slack": 65.06,
  "extrusion_to_carriage_max_pull": 111.37,
  "max_pull": 31.333333333333332
}