{
  "coef": [
    10.197447407177716,
    0.9905264257081254,
    0.03325452634855624,
    -0.0006167989669129069
  ],
  "extrusion_to_carriage_slack": 64.87,
  "extrusion_to_carriage_max_pull": 111.35,
  "max_pull": 32.333333333333336,
  "direction": "pulling",
  "pull_ratio": 1.5039385565152381,
  "pull_ratio_calc": {
    "dropout_width": 8.0,
    "small_cog_offset": 3.5,
    "small_cog_position": 11.5,
    "smallest_cog_pull": 1.2627329067068176,
    "second_smallest_cog_pull": 4.4824151023069465,
    "second_biggest_cog_pull": 24.430038540802144,
    "biggest_cog_pull": 26.96956784922277,
    "biggest_cog_position": 49.0,
    "total_pitch_inner_cogs": 30.0,
    "pull_ratio": 1.5039385565152381,
    "coefficients": [
      10.197447407177716,
      0.9905264257081254,
      0.03325452634855624,
      -0.0006167989669129069
    ]
  },
  "number_of_measurements": 106,
  "meas_method_percent_diff": -0.5562687205819536
}