{
  "coef": [
    10.182520419413343,
    1.0646022373863286,
    0.028127284371007796,
    -0.0005061159454599332
  ],
  "extrusion_to_carriage_slack": 64.74,
  "extrusion_to_carriage_max_pull": 111.51,
  "max_pull": 32.666666666666664,
  "direction": "relaxing",
  "pull_ratio": 1.5078967218182646,
  "pull_ratio_calc": {
    "dropout_width": 8.0,
    "small_cog_offset": 3.5,
    "small_cog_position": 11.5,
    "smallest_cog_pull": 1.2002904382490234,
    "second_smallest_cog_pull": 4.307708678502438,
    "second_biggest_cog_pull": 24.202970446712367,
    "biggest_cog_pull": 26.682776511219515,
    "biggest_cog_position": 49.0,
    "total_pitch_inner_cogs": 30.0,
    "pull_ratio": 1.5078967218182646,
    "coefficients": [
      10.182520419413343,
      1.0646022373863286,
      0.028127284371007796,
      -0.0005061159454599332
    ]
  },
  "number_of_measurements": 108,
  "meas_method_percent_diff": -0.40459965928447744
}