{
  "coef": [
    10.064528737257742,
    0.997974250807871,
    0.03474219125067927,
    -0.0006715111545117724
  ],
  "extrusion_to_carriage_slack": 64.67,
  "extrusion_to_carriage_max_pull": 111.54,
  "max_pull": 33.0,
  "direction": "pulling",
  "pull_ratio": 1.5154730440160324,
  "pull_ratio_calc": {
    "dropout_width": 8.0,
    "small_cog_offset": 3.5,
    "small_cog_position": 11.5,
    "smallest_cog_pull": 1.3743740211178694,
    "second_smallest_cog_pull": 4.5411115222713345,
    "second_biggest_cog_pull": 24.336910674527733,
    "biggest_cog_pull": 26.91504868523877,
    "biggest_cog_position": 49.0,
    "total_pitch_inner_cogs": 30.0,
    "pull_ratio": 1.5154730440160324,
    "coefficients": [
      10.064528737257742,
      0.997974250807871,
      0.03474219125067927,
      -0.0006715111545117724
    ]
  },
  "number_of_measurements": 106,
  "meas_method_percent_diff": 0.17097670442401855
}