{
  "coef": [
    11.189680466272698,
    1.1106811639494054,
    0.026615020830455107,
    -0.0004957995821949769
  ],
  "extrusion_to_carriage_slack": 65.06,
  "extrusion_to_carriage_max_pull": 111.37,
  "max_pull": 31.333333333333332,
  "number_of_measurements": 106
}