{
  "coef": [
    10.197447407177716,
    0.9905264257081254,
    0.03325452634855624,
    -0.0006167989669129069
  ],
  "extrusion_to_carriage_slack": 64.87,
  "extrusion_to_carriage_max_pull": 111.35,
  "max_pull": 32.333333333333336,
  "number_of_measurements": 106,
  "meas_method_percent_diff": -0.5562687205819536
}