{
  "coef": [
    10.182520419413343,
    1.0646022373863286,
    0.028127284371007796,
    -0.0005061159454599332
  ],
  "extrusion_to_carriage_slack": 64.74,
  "extrusion_to_carriage_max_pull": 111.51,
  "max_pull": 32.666666666666664,
  "number_of_measurements": 108,
  "meas_method_percent_diff": -0.40459965928447744
}