{
  "coef": [
    9.517714707563801,
    1.0201866075137922,
    0.03014723913312155,
    -0.0005286061235069882
  ],
  "extrusion_to_carriage_slack": 64.74,
  "extrusion_to_carriage_max_pull": 111.11,
  "max_pull": 32.33333333333333
}