{
  "coef": [
    10.022782827751584,
    0.9830002941480585,
    0.03366587270049657,
    -0.0006213259680186636
  ],
  "extrusion_to_carriage_slack": 64.57,
  "extrusion_to_carriage_max_pull": 111.08,
  "max_pull": 31.666666666666668,
  "direction": "pulling",
  "pull_ratio": 1.507112311272905,
  "pull_ratio_calc": {
    "dropout_width": 8.0,
    "small_cog_offset": 3.5,
    "small_cog_position": 11.5,
    "smallest_cog_pull": 1.4341839743685034,
    "second_smallest_cog_pull": 4.642670038865655,
    "second_biggest_cog_pull": 24.548286744140952,
    "biggest_cog_pull": 27.08561686603044,
    "biggest_cog_position": 49.0,
    "total_pitch_inner_cogs": 30.0,
    "pull_ratio": 1.507112311272905,
    "coefficients": [
      10.022782827751584,
      0.9830002941480585,
      0.03366587270049657,
      -0.0006213259680186636
    ]
  },
  "number_of_measurements": 104,
  "meas_method_percent_diff": -0.1502790897380704
}