{
  "coef": [
    9.515934279678806,
    1.0210668994931225,
    0.030062663362794784,
    -0.000526514143322223
  ],
  "extrusion_to_carriage_slack": 64.74,
  "extrusion_to_carriage_max_pull": 111.11,
  "max_pull": 32.333333333333336,
  "direction": "relaxing",
  "pull_ratio": 1.5140913608708289,
  "pull_ratio_calc": {
    "dropout_width": 8.0,
    "small_cog_offset": 3.5,
    "small_cog_position": 11.5,
    "smallest_cog_pull": 1.846038447419616,
    "second_smallest_cog_pull": 4.955494602083002,
    "second_biggest_cog_pull": 24.76935839874684,
    "biggest_cog_pull": 27.24361616996453,
    "biggest_cog_position": 49.0,
    "total_pitch_inner_cogs": 30.0,
    "pull_ratio": 1.5140913608708289,
    "coefficients": [
      9.515934279678806,
      1.0210668994931225,
      0.030062663362794784,
      -0.000526514143322223
    ]
  },
  "number_of_measurements": 105,
  "meas_method_percent_diff": -0.6640959725792527
}