{
  "coef": [
    10.064528737257742,
    0.997974250807871,
    0.03474219125067927,
    -0.0006715111545117724
  ],
  "extrusion_to_carriage_slack": 64.67,
  "extrusion_to_carriage_max_pull": 111.54,
  "max_pull": 33.0,
  "number_of_measurements": 106,
  "meas_method_percent_diff": 0.17097670442401855
}