{
  "coef": [
    10.18252041941333,
    1.064602237386329,
    0.028127284371007748,
    -0.0005061159454599314
  ],
  "extrusion_to_carriage_slack": 64.74,
  "extrusion_to_carriage_max_pull": 111.51,
  "max_pull": 32.666666666666664
}