{
  "motionMultiplierAvg": 1.0379824929658759,
  "motionMultiplierStdev": 0.029854975268825183,
  "motionMultiplierMin": 0.9782725424282255,
  "motionMultiplierMax": 1.0976924435035262,
  "motionMultiplierMinObserved": 0.994640118731133,
  "motionMultiplierMaxObserved": 1.1138371640975022,
  "maxChainAngleAvg": 0.39838559800014145,
  "maxChainAngleStdev": 0.44105852816751273,
  "maxChainAngleNumStdevs": 2.6,
  "maxChainAngleMax": 1.5451377712356746,
  "maxChainAngleMaxObserved": 1.4750437236656193,
  "groups": [
    "Apex 1 11-speed",
    "GX 10-speed",
    "CUES 9-speed",
    "CUES 10-speed",
    "SX Eagle 12-speed",
    "Deore 11-speed RD-M4120",
    "Deore 11-speed RD-M5120",
    "Deore 10-speed RD-M4120",
    "Deore 10-speed RD-M5120",
    "Ultegra RX 11-speed",
    "Ultegra/105 11-speed",
    "Tiagra 4700/GRX",
    "Advent X"
  ],
  "groupMotionMultipliers": [
    1.054539774947106,
    1.0166669566864963,
    1.0214582384712825,
    1.0688613859514517,
    1.0439060622995777,
    1.0266113904552208,
    1.0004503645409946,
    1.0555752290421296,
    1.0286761207932513,
    0.994640118731133,
    1.0354894427583186,
    1.0330601597819198,
    1.1138371640975022
  ],
  "groupMaxChainAngles": [
    0.6682615635976887,
    0.16731396068646562,
    0.09772481495720232,
    1.1431820996871922,
    0.5534863292099323,
    0.13784387888933647,
    0.0,
    0.47523527309337327,
    0.19845389171437341,
    0.14548532667378497,
    0.1169819118268703,
    0.0,
    1.4750437236656193
  ]
}