{
  "motionMultiplierAvg": 1.037314933242384,
  "motionMultiplierStdev": 0.028202697274248862,
  "motionMultiplierNumStdevs": 2.4055938982348404,
  "motionMultiplierMin": 0.9694706967656866,
  "motionMultiplierMax": 1.1051591697190815,
  "motionMultiplierMinObserved": 0.994640118731133,
  "motionMultiplierMaxObserved": 1.1051588876921088,
  "motionMultiplierMinConfidence": 0.016146202025473455,
  "maxChainAngleAvg": 0.6934177459002433,
  "maxChainAngleStdev": 0.4130359898804086,
  "maxChainAngleNumStdevs": 2.3627493692785246,
  "maxChainAngleMax": 1.66931827047951,
  "maxChainAngleMaxObserved": 1.669314140119611,
  "groups": [
    "Apex 1 11-speed",
    "GX 10-speed",
    "CUES 9-speed",
    "CUES 10-speed",
    "SX Eagle 12-speed",
    "Deore 11-speed RD-M4120",
    "Deore 11-speed RD-M5120",
    "Deore 10-speed RD-M4120",
    "Deore 10-speed RD-M5120",
    "Ultegra RX 11-speed",
    "Ultegra/105 11-speed",
    "Tiagra 4700/GRX",
    "Advent X"
  ],
  "groupMotionMultipliers": [
    1.054539774947106,
    1.0166669566864963,
    1.0214582384712825,
    1.0688613859514517,
    1.0439060622995777,
    1.0266113904552208,
    1.0004503645409946,
    1.0555752290421296,
    1.0286761207932513,
    0.994640118731133,
    1.0354894427583186,
    1.0330601597819198,
    1.1051588876921088
  ],
  "groupMaxChainAngles": [
    0.9649746389327443,
    0.44677822053119715,
    0.25399993551000666,
    1.2683272336115101,
    0.8106716869360225,
    0.5029114272997406,
    0.1511579980593792,
    0.872132110552967,
    0.5011756761750552,
    0.751634320222518,
    0.5351148643448959,
    0.28623844440751545,
    1.669314140119611
  ]
}