{
  "motionMultiplierAvg": 1.0359605369417209,
  "motionMultiplierStdev": 0.027618285707438253,
  "motionMultiplierNumStdevs": 2.2516458984453327,
  "motionMultiplierMin": 0.9737739372064762,
  "motionMultiplierMax": 1.0981471366769655,
  "motionMultiplierMinObserved": 0.988742352012969,
  "motionMultiplierMaxObserved": 1.0981468604941085,
  "motionMultiplierMinConfidence": 0.02434465809112285,
  "maxChainAngleAvg": 0.6759586368532398,
  "maxChainAngleStdev": 0.37361461644902466,
  "maxChainAngleNumStdevs": 2.0346703149022654,
  "maxChainAngleMax": 1.436141206155666,
  "maxChainAngleMaxObserved": 1.4361374700095013,
  "groups": [
    "Apex 1 11-speed",
    "GX 10-speed",
    "CUES 9-speed",
    "CUES 10-speed",
    "SX Eagle 12-speed",
    "Deore 11-speed RD-M4120",
    "Deore 11-speed RD-M5120",
    "Deore 10-speed RD-M4120",
    "Deore 10-speed RD-M5120",
    "Ultegra RX 11-speed",
    "Ultegra/105 11-speed",
    "Tiagra 4700/GRX",
    "Advent X"
  ],
  "groupMotionMultipliers": [
    1.054539774947106,
    1.0166669566864963,
    1.0214582384712825,
    1.0688613859514517,
    1.039498754975894,
    1.0266113904552208,
    1.0004503645409946,
    1.0555752290421296,
    1.0286761207932513,
    0.988742352012969,
    1.0354894427583186,
    1.0327701091131487,
    1.0981468604941085
  ],
  "groupMaxChainAngles": [
    0.9653807258590066,
    0.44679550114853,
    0.25403882412586426,
    1.2693595862411386,
    0.8206068816193042,
    0.5029521647702693,
    0.15113125259992813,
    0.8656489214445908,
    0.5012758882963909,
    0.7526321399360659,
    0.5352616567255487,
    0.2862412663159771,
    1.4361374700095013
  ]
}