{
  "motionMultiplierAvg": 1.0356369742313722,
  "motionMultiplierStdev": 0.027131477961994943,
  "motionMultiplierNumStdevs": 2.189250707996854,
  "motionMultiplierMin": 0.9762393668940738,
  "motionMultiplierMax": 1.0950345815686706,
  "motionMultiplierMinObserved": 0.9884583123505515,
  "motionMultiplierMaxObserved": 1.095034310253891,
  "motionMultiplierMinConfidence": 0.02857862288321633,
  "maxChainAngleAvg": 0.3645483264814178,
  "maxChainAngleStdev": 0.3575315488615329,
  "maxChainAngleNumStdevs": 2.0916733137654684,
  "maxChainAngleMax": 1.1123875260643206,
  "maxChainAngleMaxObserved": 1.112383950748832,
  "groups": [
    "Apex 1 11-speed",
    "GX 10-speed",
    "CUES 9-speed",
    "CUES 10-speed",
    "SX Eagle 12-speed",
    "Deore 11-speed RD-M4120",
    "Deore 11-speed RD-M5120",
    "Deore 10-speed RD-M4120",
    "Deore 10-speed RD-M5120",
    "Ultegra RX 11-speed",
    "Ultegra/105 11-speed",
    "Tiagra 4700/GRX",
    "Advent X"
  ],
  "groupMotionMultipliers": [
    1.054539774947106,
    1.0166669566864963,
    1.0214582384712825,
    1.0688613859514517,
    1.0394706925116328,
    1.0266113904552208,
    1.0004503645409946,
    1.0555752290421296,
    1.0286761207932513,
    0.9884583123505515,
    1.0354894427583186,
    1.0319884462455118,
    1.095034310253891
  ],
  "groupMaxChainAngles": [
    0.6640404211299747,
    0.16509713651599914,
    0.0899245749863681,
    1.112383950748832,
    0.4801942844000098,
    0.13839315154621093,
    0.0,
    0.482837350364851,
    0.18431526152319658,
    0.27075140274942605,
    0.11572854505105519,
    0.0,
    1.0354621652425076
  ]
}