{
  "motionMultiplierAvg": 1.0317013390903997,
  "motionMultiplierStdev": 0.019871956586662437,
  "motionMultiplierMin": 0.9919574259170749,
  "motionMultiplierMax": 1.0714452522637246,
  "motionMultiplierMinObserved": 0.994640118731133,
  "motionMultiplierMaxObserved": 1.0583946736964447,
  "maxChainAngleAvg": 0.451043765601587,
  "maxChainAngleStdev": 0.3892909481800809,
  "maxChainAngleMax": 1.229625661961749,
  "maxChainAngleMaxObserved": 1.1294966847504906,
  "groups": [
    "Apex 1 11-speed",
    "GX 10-speed",
    "CUES 9-speed",
    "SX Eagle 12-speed",
    "Deore 11-speed",
    "Deore 10-speed",
    "Ultegra RX 11-speed",
    "Ultegra/105 11-speed"
  ],
  "groupMotionMultipliers": [
    1.0583946736964447,
    1.0166669566864963,
    1.0223268390538778,
    1.0439060622995777,
    1.0266113904552208,
    1.0555752290421296,
    0.994640118731133,
    1.0354894427583186
  ]
}