{
  "motionMultiplierAvg": 1.0177437066632422,
  "motionMultiplierStdev": 0.020815572774060712,
  "maxChainAngleAvg": 0.45142935549981517,
  "maxChainAngleStdev": 0.3473599156252773,
  "maxChainAngleMax": 1.1461491867503697
}