{
  "motionMultiplierAvg": 1.037314933242384,
  "motionMultiplierStdev": 0.028202697274248862,
  "motionMultiplierNumStdevs": 2.4055938982348404,
  "motionMultiplierMin": 0.9694706967656866,
  "motionMultiplierMax": 1.1051591697190815,
  "motionMultiplierMinObserved": 0.994640118731133,
  "motionMultiplierMaxObserved": 1.1051588876921088,
  "motionMultiplierMinConfidence": 0.016146202025473455,
  "maxChainAngleAvg": 0.36835265654539107,
  "maxChainAngleStdev": 0.2521721388974265,
  "maxChainAngleNumStdevs": 2.271195482131918,
  "maxChainAngleMax": 0.9410848791287687,
  "maxChainAngleMaxObserved": 0.9410823574073797,
  "groups": [
    "Apex 1 11-speed",
    "GX 10-speed",
    "CUES 9-speed",
    "CUES 10-speed",
    "SX Eagle 12-speed",
    "Deore 11-speed RD-M4120",
    "Deore 11-speed RD-M5120",
    "Deore 10-speed RD-M4120",
    "Deore 10-speed RD-M5120",
    "Ultegra RX 11-speed",
    "Ultegra/105 11-speed",
    "Tiagra 4700/GRX",
    "Advent X"
  ],
  "groupMotionMultipliers": [
    1.054539774947106,
    1.0166669566864963,
    1.0214582384712825,
    1.0688613859514517,
    1.0439060622995777,
    1.0266113904552208,
    1.0004503645409946,
    1.0555752290421296,
    1.0286761207932513,
    0.994640118731133,
    1.0354894427583186,
    1.0330601597819198,
    1.1051588876921088
  ],
  "groupMaxChainAngles": [
    0.6259889095261137,
    0.24681583718226377,
    0.1191940823647709,
    0.7240050796843603,
    0.502296150894943,
    0.21277745092539452,
    0.05486642266741671,
    0.4231422152212316,
    0.2688620903824565,
    0.3031726019826051,
    0.14572137615626765,
    0.2206599606948805,
    0.9410823574073797
  ]
}