{
  "motionMultiplierAvg": 1.0316612703715737,
  "motionMultiplierStdev": 0.021122122554327383,
  "motionMultiplierMin": 0.989417025262919,
  "motionMultiplierMax": 1.0739055154802286,
  "motionMultiplierMinObserved": 0.994640118731133,
  "motionMultiplierMaxObserved": 1.0688613859514517,
  "maxChainAngleAvg": 0.37010191875451565,
  "maxChainAngleStdev": 0.3943730612398268,
  "maxChainAngleMax": 1.1588480412341693,
  "maxChainAngleMaxObserved": 1.3942716382572098,
  "groups": [
    "Apex 1 11-speed",
    "GX 10-speed",
    "CUES 9-speed",
    "CUES 10-speed",
    "SX Eagle 12-speed",
    "Deore 11-speed RD-M4120",
    "Deore 11-speed RD-M5120",
    "Deore 10-speed RD-M4120",
    "Deore 10-speed RD-M5120",
    "Ultegra RX 11-speed",
    "Ultegra/105 11-speed",
    "Tiagra 4700/GRX"
  ],
  "groupMotionMultipliers": [
    1.054539774947106,
    1.0166669566864963,
    1.0214582384712825,
    1.0688613859514517,
    1.0439060622995777,
    1.0266113904552208,
    1.0004503645409946,
    1.0555752290421296,
    1.0286761207932513,
    0.994640118731133,
    1.0354894427583186,
    1.0330601597819198
  ],
  "groupMaxChainAngles": [
    0.7779290633206543,
    0.20017299394463303,
    0.11745220578807833,
    1.3942716382572098,
    0.6560191248008911,
    0.1558245424577403,
    0.0,
    0.5834188740358279,
    0.25746072739928305,
    0.17306664198434651,
    0.12560721306552403,
    0.0
  ]
}