{
  "motionMultiplierAvg": 1.030741589155376,
  "motionMultiplierStdev": 0.018880098501402955,
  "motionMultiplierMin": 0.9929813921525701,
  "motionMultiplierMax": 1.0685017861581818,
  "motionMultiplierMinObserved": 0.994640118731133,
  "motionMultiplierMaxObserved": 1.0555752290421296,
  "maxChainAngleAvg": 0.4409238570893439,
  "maxChainAngleStdev": 0.37276564549100827,
  "maxChainAngleMax": 1.1864551480713605,
  "maxChainAngleMaxObserved": 1.0503682713640046,
  "groups": [
    "Apex 1 11-speed",
    "GX 10-speed",
    "CUES 9-speed",
    "SX Eagle 12-speed",
    "Deore 11-speed",
    "Deore 10-speed",
    "Ultegra RX 11-speed",
    "Ultegra/105 11-speed"
  ],
  "groupMotionMultipliers": [
    1.051585274798849,
    1.0166669566864963,
    1.0214582384712825,
    1.0439060622995777,
    1.0266113904552208,
    1.0555752290421296,
    0.994640118731133,
    1.0354894427583186
  ]
}