{
  "motionMultiplierAvg": 1.037314933242384,
  "motionMultiplierStdev": 0.028202697274248862,
  "motionMultiplierNumStdevs": 2.4055938982348404,
  "motionMultiplierMin": 0.9694706967656866,
  "motionMultiplierMax": 1.1051591697190815,
  "motionMultiplierMinObserved": 0.994640118731133,
  "motionMultiplierMaxObserved": 1.1051588876921088,
  "motionMultiplierMinConfidence": 0.016146202025473455,
  "maxChainAngleAvg": 0.4943397776713585,
  "maxChainAngleStdev": 0.3418354833943425,
  "maxChainAngleNumStdevs": 2.377482135753169,
  "maxChainAngleMax": 1.3070475328079567,
  "maxChainAngleMaxObserved": 1.3070441144531229,
  "groups": [
    "Apex 1 11-speed",
    "GX 10-speed",
    "CUES 9-speed",
    "CUES 10-speed",
    "SX Eagle 12-speed",
    "Deore 11-speed RD-M4120",
    "Deore 11-speed RD-M5120",
    "Deore 10-speed RD-M4120",
    "Deore 10-speed RD-M5120",
    "Ultegra RX 11-speed",
    "Ultegra/105 11-speed",
    "Tiagra 4700/GRX",
    "Advent X"
  ],
  "groupMotionMultipliers": [
    1.054539774947106,
    1.0166669566864963,
    1.0214582384712825,
    1.0688613859514517,
    1.0439060622995777,
    1.0266113904552208,
    1.0004503645409946,
    1.0555752290421296,
    1.0286761207932513,
    0.994640118731133,
    1.0354894427583186,
    1.0330601597819198,
    1.1051588876921088
  ],
  "groupMaxChainAngles": [
    0.6741179153905656,
    0.2957932726531182,
    0.1181292455838582,
    1.1061298731850306,
    0.5393597788696873,
    0.32888261404924096,
    0.15777777078656272,
    0.5101444124725921,
    0.2598603235435482,
    0.5184199460915222,
    0.32903508807524867,
    0.2817227545735633,
    1.3070441144531229
  ]
}