{
  "motionMultiplierAvg": 1.0353053999269686,
  "motionMultiplierStdev": 0.02172868805186967,
  "motionMultiplierMin": 0.9918480238232292,
  "motionMultiplierMax": 1.078762776030708,
  "motionMultiplierMinObserved": 0.994640118731133,
  "motionMultiplierMaxObserved": 1.0688613859514517,
  "maxChainAngleAvg": 0.5733091394474901,
  "maxChainAngleStdev": 0.5034520927582283,
  "maxChainAngleMax": 1.5802133249639467,
  "maxChainAngleMaxObserved": 1.5376648328455154,
  "groups": [
    "Apex 1 11-speed",
    "GX 10-speed",
    "CUES 9-speed",
    "CUES 10-speed",
    "SX Eagle 12-speed",
    "Deore 11-speed",
    "Deore 10-speed",
    "Ultegra RX 11-speed",
    "Ultegra/105 11-speed"
  ],
  "groupMotionMultipliers": [
    1.054539774947106,
    1.0166669566864963,
    1.0214582384712825,
    1.0688613859514517,
    1.0439060622995777,
    1.0266113904552208,
    1.0555752290421296,
    0.994640118731133,
    1.0354894427583186
  ]
}