{
  "motionMultiplierAvg": 1.0176410645689447,
  "motionMultiplierStdev": 0.020689276419003665,
  "motionMultiplierMin": 0.9762625117309374,
  "motionMultiplierMax": 1.059019617406952
}