{
  "motionMultiplierAvg": 1.037314933242384,
  "motionMultiplierStdev": 0.028202697274248862,
  "motionMultiplierNumStdevs": 2.4055938982348404,
  "motionMultiplierMin": 0.9694706967656866,
  "motionMultiplierMax": 1.1051591697190815,
  "motionMultiplierMinObserved": 0.994640118731133,
  "motionMultiplierMaxObserved": 1.1051588876921088,
  "motionMultiplierMinConfidence": 0.016146202025473455,
  "maxChainAngleAvg": 0.380028512225047,
  "maxChainAngleStdev": 0.39165311141498754,
  "maxChainAngleNumStdevs": 2.2206885231517526,
  "maxChainAngleMax": 1.2497680818009844,
  "maxChainAngleMaxObserved": 1.2497641652698703,
  "groups": [
    "Apex 1 11-speed",
    "GX 10-speed",
    "CUES 9-speed",
    "CUES 10-speed",
    "SX Eagle 12-speed",
    "Deore 11-speed RD-M4120",
    "Deore 11-speed RD-M5120",
    "Deore 10-speed RD-M4120",
    "Deore 10-speed RD-M5120",
    "Ultegra RX 11-speed",
    "Ultegra/105 11-speed",
    "Tiagra 4700/GRX",
    "Advent X"
  ],
  "groupMotionMultipliers": [
    1.054539774947106,
    1.0166669566864963,
    1.0214582384712825,
    1.0688613859514517,
    1.0439060622995777,
    1.0266113904552208,
    1.0004503645409946,
    1.0555752290421296,
    1.0286761207932513,
    0.994640118731133,
    1.0354894427583186,
    1.0330601597819198,
    1.1051588876921088
  ],
  "groupMaxChainAngles": [
    0.6637276121622302,
    0.1650395530120479,
    0.08991441765404495,
    1.111992972461589,
    0.48081725655011176,
    0.13833732805619564,
    0.0,
    0.4826761667722393,
    0.1842477595337648,
    0.2581825412040971,
    0.11567088624942025,
    0.0,
    1.2497641652698703
  ]
}