{
  "motionMultiplierAvg": 1.0176410645689447,
  "motionMultiplierStdev": 0.020689276419003665
}