{
  "motionMultiplierAvg": 1.0379824929658759,
  "motionMultiplierStdev": 0.029854975268825183,
  "motionMultiplierMin": 0.9782725424282255,
  "motionMultiplierMax": 1.0976924435035262,
  "motionMultiplierMinObserved": 0.994640118731133,
  "motionMultiplierMaxObserved": 1.1138371640975022,
  "maxChainAngleAvg": 0.37291270002646193,
  "maxChainAngleStdev": 0.3959735711436972,
  "maxChainAngleNumStdevs": 2.6,
  "maxChainAngleMax": 1.4024439850000747,
  "maxChainAngleMaxObserved": 1.2426148232717145,
  "groups": [
    "Apex 1 11-speed",
    "GX 10-speed",
    "CUES 9-speed",
    "CUES 10-speed",
    "SX Eagle 12-speed",
    "Deore 11-speed RD-M4120",
    "Deore 11-speed RD-M5120",
    "Deore 10-speed RD-M4120",
    "Deore 10-speed RD-M5120",
    "Ultegra RX 11-speed",
    "Ultegra/105 11-speed",
    "Tiagra 4700/GRX",
    "Advent X"
  ],
  "groupMotionMultipliers": [
    1.054539774947106,
    1.0166669566864963,
    1.0214582384712825,
    1.0688613859514517,
    1.0439060622995777,
    1.0266113904552208,
    1.0004503645409946,
    1.0555752290421296,
    1.0286761207932513,
    0.994640118731133,
    1.0354894427583186,
    1.0330601597819198,
    1.1138371640975022
  ],
  "groupMaxChainAngles": [
    0.6569163275432378,
    0.16264908089716298,
    0.0899245749863681,
    1.112383950748832,
    0.5480809395409922,
    0.1377417810226822,
    0.0,
    0.46202654817929845,
    0.1841366014106747,
    0.1370437140872384,
    0.11434675865580313,
    0.0,
    1.2426148232717145
  ]
}