{
  "avg_meas_method_percent_diff": -0.5274402183315909,
  "stdev_meas_method_percent_diff": 1.9265470520055046,
  "Caliper vs Indicator percent difference": "Caliper vs Indicator percent difference: -0.5274402183315909 +/- 3.853094104011009"
}