{
  "avg_meas_method_percent_diff": -0.6257848801776204,
  "stdev_meas_method_percent_diff": 2.12629539299314,
  "Caliper vs Indicator percent difference": "Caliper vs Indicator percent difference: -0.6257848801776204 +/- 4.25259078598628"
}