{
  "avg_meas_method_percent_diff": -0.543421989833868,
  "stdev_meas_method_percent_diff": 1.951418282994409,
  "Caliper vs Indicator percent difference": "Caliper vs Indicator percent difference: -0.543421989833868 +/- 3.902836565988818"
}