{
  "avg_meas_method_percent_diff": -0.5061215124432031,
  "stdev_meas_method_percent_diff": 1.8784070453739612,
  "Caliper vs Indicator percent difference": "Caliper vs Indicator percent difference: -0.5061215124432031 +/- 3.7568140907479224"
}