{
  "avg_meas_method_percent_diff": -0.5798838207704314,
  "stdev_meas_method_percent_diff": 2.0315734063183046,
  "Caliper vs Indicator percent difference": "Caliper vs Indicator percent difference: -0.5798838207704314 +/- 4.063146812636609"
}