{
  "coef": [
    -0.028141711229947797,
    0.1687661721580129,
    -0.0030921166120407148
  ],
  "number_of_measurements": 32
}