{
  "coef": [
    0.10654060066740723,
    0.18059907834101396,
    -0.0037740346416653466
  ],
  "number_of_measurements": 29
}