{
  "coef": [
    -0.1393048128342249,
    0.2155478259662646,
    -0.0069253270121882125,
    8.243463226123655e-05
  ],
  "number_of_measurements": 32
}