{
  "coef": [
    0.42761225702402306,
    0.1649432850689965,
    -0.004541124856589745,
    5.1112005571208514e-05
  ],
  "number_of_measurements": 33
}