{
  "coef": [
    0.5036669213139815,
    0.13402052169841533,
    -0.0020877485891717365
  ],
  "number_of_measurements": 33
}