{
  "coef": [
    0.0027669632925453325,
    0.2294026754051786,
    -0.00820880546965088,
    0.00010558978161870312
  ],
  "number_of_measurements": 29
}