{
  "yawCoefficients": [
    0.19402193691714698,
    0.16112859073248073,
    -0.0029846332809592654
  ],
  "yawNumberOfMeasurements": 94,
  "yawAffectsPullRatio": true
}