{
  "yawCoefficients": [
    0.09702480249411449,
    0.20329792881347988,
    -0.006558419112809612,
    7.97121398170494e-05
  ],
  "yawNumberOfMeasurements": 94
}