{
  "coef": [
    6.3467634892649585,
    0.9327383946923056,
    0.008679933140933432,
    -0.00012143051268625465
  ],
  "extrusion_to_carriage_slack": 64.1,
  "extrusion_to_carriage_max_pull": 109.22,
  "max_pull": 43.29,
  "direction": "pulling",
  "pull_ratio": 1.1162228678065278,
  "pull_ratio_calc": {
    "dropout_width": 8.0,
    "small_cog_offset": 3.0,
    "small_cog_position": 11.0,
    "smallest_cog_pull": 4.7896147329078875,
    "second_smallest_cog_pull": 8.426353404464288,
    "second_biggest_cog_pull": 35.302706564073475,
    "biggest_cog_pull": 38.7893705406394,
    "biggest_cog_position": 48.5,
    "total_pitch_inner_cogs": 30.0,
    "pull_ratio": 1.1162228678065278,
    "coefficients": [
      6.3467634892649585,
      0.9327383946923056,
      0.008679933140933432,
      -0.00012143051268625465
    ]
  },
  "number_of_measurements": 70,
  "meas_method_percent_diff": -0.022158209616642822
}