{
  "coef": [
    5.98784935307771,
    0.9731559098742332,
    0.006147178998145687,
    -9.039043791386316e-05
  ],
  "extrusion_to_carriage_slack": 63.99,
  "extrusion_to_carriage_max_pull": 108.91,
  "max_pull": 43.239999999999995,
  "number_of_measurements": 68,
  "meas_method_percent_diff": -0.48737261852018837
}