{
  "coef": [
    6.376741076029063,
    0.9958159111739635,
    0.004839932115390873,
    -7.354762959099218e-05
  ],
  "extrusion_to_carriage_slack": 64.03,
  "extrusion_to_carriage_max_pull": 108.82,
  "max_pull": 42.739999999999995,
  "direction": "relaxing",
  "pull_ratio": 1.0880030993062242,
  "pull_ratio_calc": {
    "dropout_width": 8.0,
    "small_cog_offset": 3.0,
    "small_cog_position": 11.0,
    "smallest_cog_pull": 4.549058960832473,
    "second_smallest_cog_pull": 8.1270688223129,
    "second_biggest_cog_pull": 35.700519687599765,
    "biggest_cog_pull": 39.27749434573315,
    "biggest_cog_position": 48.5,
    "total_pitch_inner_cogs": 30.0,
    "pull_ratio": 1.0880030993062242,
    "coefficients": [
      6.376741076029063,
      0.9958159111739635,
      0.004839932115390873,
      -7.354762959099218e-05
    ]
  },
  "number_of_measurements": 67,
  "meas_method_percent_diff": -0.2005347593583122
}