{
  "coef": [
    6.8006469059084615,
    0.9460690577279333,
    0.008162695366186714,
    -0.00011811912672735752
  ],
  "extrusion_to_carriage_slack": 64.17,
  "extrusion_to_carriage_max_pull": 108.82,
  "max_pull": 42.71,
  "direction": "pulling",
  "pull_ratio": 1.1116638772188263,
  "pull_ratio_calc": {
    "dropout_width": 8.0,
    "small_cog_offset": 3.0,
    "small_cog_position": 11.0,
    "smallest_cog_pull": 4.289817452827599,
    "second_smallest_cog_pull": 7.922991420209606,
    "second_biggest_cog_pull": 34.90956588285595,
    "biggest_cog_pull": 38.42112559135216,
    "biggest_cog_position": 48.5,
    "total_pitch_inner_cogs": 30.0,
    "pull_ratio": 1.1116638772188263,
    "coefficients": [
      6.8006469059084615,
      0.9460690577279333,
      0.008162695366186714,
      -0.00011811912672735752
    ]
  },
  "number_of_measurements": 69,
  "meas_method_percent_diff": -0.534640231677454
}