{
  "coef": [
    6.031809323688616,
    0.9787297543783551,
    0.006257854997808527,
    -9.520788110988931e-05
  ],
  "extrusion_to_carriage_slack": 63.85,
  "extrusion_to_carriage_max_pull": 108.46,
  "max_pull": 42.010000000000005,
  "direction": "relaxing",
  "pull_ratio": 1.0980502621520123,
  "pull_ratio_calc": {
    "dropout_width": 8.0,
    "small_cog_offset": 3.0,
    "small_cog_position": 11.0,
    "smallest_cog_pull": 4.932287908394223,
    "second_smallest_cog_pull": 8.505004508949137,
    "second_biggest_cog_pull": 35.826158224813234,
    "biggest_cog_pull": 39.414578855304846,
    "biggest_cog_position": 48.5,
    "total_pitch_inner_cogs": 30.0,
    "pull_ratio": 1.0980502621520123,
    "coefficients": [
      6.031809323688616,
      0.9787297543783551,
      0.006257854997808527,
      -9.520788110988931e-05
    ]
  },
  "number_of_measurements": 132,
  "meas_method_percent_diff": 0.40513166779201576
}