{
  "coef": [
    6.76222180739666,
    0.9621392549506796,
    0.007941680346018814,
    -0.0001239149445808455
  ],
  "extrusion_to_carriage_slack": 64.08,
  "extrusion_to_carriage_max_pull": 108.47,
  "max_pull": 41.85,
  "number_of_measurements": 132,
  "meas_method_percent_diff": 0.0225326723749552
}