{
  "coef": [
    6.76222180739666,
    0.9621392549506796,
    0.007941680346018814,
    -0.0001239149445808455
  ],
  "extrusion_to_carriage_slack": 64.08,
  "extrusion_to_carriage_max_pull": 108.47,
  "max_pull": 41.85,
  "direction": "pulling",
  "pull_ratio": 1.1091352850968632,
  "pull_ratio_calc": {
    "dropout_width": 8.0,
    "small_cog_offset": 3.0,
    "small_cog_position": 11.0,
    "smallest_cog_pull": 4.264420204100113,
    "second_smallest_cog_pull": 7.855208029629246,
    "second_biggest_cog_pull": 34.90330613190902,
    "biggest_cog_pull": 38.49537368755189,
    "biggest_cog_position": 48.5,
    "total_pitch_inner_cogs": 30.0,
    "pull_ratio": 1.1091352850968632,
    "coefficients": [
      6.76222180739666,
      0.9621392549506796,
      0.007941680346018814,
      -0.0001239149445808455
    ]
  },
  "number_of_measurements": 132,
  "meas_method_percent_diff": 0.0225326723749552
}