{
  "coef": [
    6.376741076029063,
    0.9958159111739635,
    0.004839932115390873,
    -7.354762959099218e-05
  ],
  "extrusion_to_carriage_slack": 64.03,
  "extrusion_to_carriage_max_pull": 108.82,
  "max_pull": 42.739999999999995,
  "number_of_measurements": 67,
  "meas_method_percent_diff": -0.2005347593583122
}