{
  "coef": [
    6.832148244676922,
    0.935886689745825,
    0.009867594901164053,
    -0.00016032873983712687
  ],
  "extrusion_to_carriage_slack": 64.08,
  "extrusion_to_carriage_max_pull": 108.47,
  "max_pull": 41.85,
  "number_of_measurements": 132,
  "meas_method_percent_diff": 0.0225326723749552
}