{
  "coef": [
    6.8006469059084615,
    0.9460690577279333,
    0.008162695366186714,
    -0.00011811912672735752
  ],
  "extrusion_to_carriage_slack": 64.17,
  "extrusion_to_carriage_max_pull": 108.82,
  "max_pull": 42.71,
  "number_of_measurements": 69,
  "meas_method_percent_diff": -0.534640231677454
}