{
  "coef": [
    6.031809323688616,
    0.9787297543783551,
    0.006257854997808527,
    -9.520788110988931e-05
  ],
  "extrusion_to_carriage_slack": 63.85,
  "extrusion_to_carriage_max_pull": 108.46,
  "max_pull": 42.010000000000005,
  "number_of_measurements": 132,
  "meas_method_percent_diff": 0.40513166779201576
}