{
  "brand": "Campagnolo",
  "series": "Ekar",
  "partNumber": "RD21-EK13",
  "designSpeeds": 13,
  "designCogPitch": 3.15,
  "distanceFromCarriageToJockeyWheel": 36.52,
  "jockeyWheelThickness": 1.75,
  "minDropoutWidth": 10.2,
  "maxDropoutWidth": 12.2,
  "smallCogOffset": 2.2,
  "oneByOnly": true,
  "chain": "Campagnolo C13",
  "maxTooth": 44,
  "chainWrap": 35,
  "pullRatio": 1.2797477439176388,
  "coef": [
    10.53397260009244,
    1.2072779666261344,
    0.013384695542140407,
    -0.0003748554592123232
  ],
  "minPosition": 10.53397260009244,
  "maxPosition": 55.59443424396477
}