{
  "coef": [
    -2.773885467414286,
    0.13957803426470994,
    -0.0022408140906747622,
    3.184823648953472e-05
  ],
  "number_of_measurements": 43
}