{
  "coef": [
    -2.565618669475732,
    0.10308901535220309,
    -0.00011032642910124343
  ],
  "number_of_measurements": 41
}