{
  "coef": [
    -2.615795832074901,
    0.1260577624304225,
    -0.0017273424250168388,
    2.6674969953472506e-05
  ],
  "number_of_measurements": 42
}