{
  "coef": [
    10.90891782173042,
    1.129372931061103,
    0.019267078649352936,
    -0.0003433053510931595
  ],
  "extrusion_to_carriage_slack": 66.45,
  "extrusion_to_carriage_max_pull": 111.88,
  "max_pull": 35.333333333333336,
  "direction": "relaxing",
  "pull_ratio": 1.4291739777374082,
  "pull_ratio_calc": {
    "dropout_width": 8.0,
    "small_cog_offset": 3.0,
    "small_cog_position": 11.0,
    "smallest_cog_pull": 0.08053795328793716,
    "second_smallest_cog_pull": 3.3935757297179476,
    "second_biggest_cog_pull": 25.50424979196713,
    "biggest_cog_pull": 28.285734890360686,
    "biggest_cog_position": 50.5,
    "total_pitch_inner_cogs": 31.6,
    "pull_ratio": 1.4291739777374082,
    "coefficients": [
      10.90891782173042,
      1.129372931061103,
      0.019267078649352936,
      -0.0003433053510931595
    ]
  },
  "number_of_measurements": 113,
  "meas_method_percent_diff": -4.317607413647876
}