{
  "coef": [
    10.908917821730384,
    1.129372931061109,
    0.019267078649352745,
    -0.00034330535109316026
  ],
  "extrusion_to_carriage_slack": 66.45,
  "extrusion_to_carriage_max_pull": 111.88,
  "max_pull": 35.333333333333336
}