{
  "coef": [
    9.167970616121316,
    1.052356714456327,
    0.02615342691765945,
    -0.0004906729845043722
  ],
  "extrusion_to_carriage_slack": 64.43,
  "extrusion_to_carriage_max_pull": 111.81,
  "max_pull": 35.33333333333333,
  "direction": "pulling",
  "pull_ratio": 1.4534267498291658,
  "pull_ratio_calc": {
    "dropout_width": 8.0,
    "small_cog_offset": 3.0,
    "small_cog_position": 11.0,
    "smallest_cog_pull": 1.6734689778177332,
    "second_smallest_cog_pull": 4.943374344279467,
    "second_biggest_cog_pull": 26.685096108870788,
    "biggest_cog_pull": 29.5946317331201,
    "biggest_cog_position": 50.5,
    "total_pitch_inner_cogs": 31.6,
    "pull_ratio": 1.4534267498291658,
    "coefficients": [
      9.167970616121316,
      1.052356714456327,
      0.02615342691765945,
      -0.0004906729845043722
    ]
  },
  "number_of_measurements": 114,
  "meas_method_percent_diff": -0.12647554806072803
}