{
  "coef": [
    9.275830177946375,
    1.1588254730373675,
    0.01863733362805642,
    -0.00032613454931484486
  ],
  "extrusion_to_carriage_slack": 64.42,
  "extrusion_to_carriage_max_pull": 110.95,
  "max_pull": 33.0,
  "direction": "relaxing",
  "pull_ratio": 1.4626729883774015,
  "pull_ratio_calc": {
    "dropout_width": 8.0,
    "small_cog_offset": 3.0,
    "small_cog_position": 11.0,
    "smallest_cog_pull": 1.4546925147880738,
    "second_smallest_cog_pull": 4.585452123768728,
    "second_biggest_cog_pull": 26.189734318830716,
    "biggest_cog_pull": 28.928282045980175,
    "biggest_cog_position": 50.5,
    "total_pitch_inner_cogs": 31.6,
    "pull_ratio": 1.4626729883774015,
    "coefficients": [
      9.275830177946375,
      1.1588254730373675,
      0.01863733362805642,
      -0.00032613454931484486
    ]
  },
  "number_of_measurements": 108,
  "meas_method_percent_diff": -0.5769230769230684
}