{
  "coef": [
    9.146263174850553,
    1.156866301932287,
    0.017068011067989504,
    -0.0002947863920264084
  ],
  "extrusion_to_carriage_slack": 64.43,
  "extrusion_to_carriage_max_pull": 111.97,
  "max_pull": 35.33,
  "number_of_measurements": 115,
  "meas_method_percent_diff": -0.58552906733586
}