{
  "coef": [
    9.275830177946375,
    1.1588254730373675,
    0.01863733362805642,
    -0.00032613454931484486
  ],
  "extrusion_to_carriage_slack": 64.42,
  "extrusion_to_carriage_max_pull": 110.95,
  "max_pull": 33.0,
  "number_of_measurements": 108
}