{
  "coef": [
    8.855091019689315,
    1.077979011834511,
    0.023878499135144535,
    -0.00042953435332613373
  ],
  "extrusion_to_carriage_slack": 64.17,
  "extrusion_to_carriage_max_pull": 110.97,
  "max_pull": 33.333333333333336,
  "number_of_measurements": 107
}