{
  "coef": [
    9.146263174850553,
    1.156866301932287,
    0.017068011067989504,
    -0.0002947863920264084
  ],
  "extrusion_to_carriage_slack": 64.43,
  "extrusion_to_carriage_max_pull": 111.97,
  "max_pull": 35.33,
  "direction": "relaxing",
  "pull_ratio": 1.439247723330774,
  "pull_ratio_calc": {
    "dropout_width": 8.0,
    "small_cog_offset": 3.0,
    "small_cog_position": 11.0,
    "smallest_cog_pull": 1.567125213393724,
    "second_smallest_cog_pull": 4.7154383066067105,
    "second_biggest_cog_pull": 26.671352835948337,
    "biggest_cog_pull": 29.457416587363706,
    "biggest_cog_position": 50.5,
    "total_pitch_inner_cogs": 31.6,
    "pull_ratio": 1.439247723330774,
    "coefficients": [
      9.146263174850553,
      1.156866301932287,
      0.017068011067989504,
      -0.0002947863920264084
    ]
  },
  "number_of_measurements": 115,
  "meas_method_percent_diff": -0.58552906733586
}