{
  "coef": [
    8.855091019689315,
    1.077979011834511,
    0.023878499135144535,
    -0.00042953435332613373
  ],
  "extrusion_to_carriage_slack": 64.17,
  "extrusion_to_carriage_max_pull": 110.97,
  "max_pull": 33.333333333333336,
  "direction": "pulling",
  "pull_ratio": 1.4615898423230564,
  "pull_ratio_calc": {
    "dropout_width": 8.0,
    "small_cog_offset": 3.0,
    "small_cog_position": 11.0,
    "smallest_cog_pull": 1.9115893606959191,
    "second_smallest_cog_pull": 5.125700621268441,
    "second_biggest_cog_pull": 26.745993185545462,
    "biggest_cog_pull": 29.567009380911998,
    "biggest_cog_position": 50.5,
    "total_pitch_inner_cogs": 31.6,
    "pull_ratio": 1.4615898423230564,
    "coefficients": [
      8.855091019689315,
      1.077979011834511,
      0.023878499135144535,
      -0.00042953435332613373
    ]
  },
  "number_of_measurements": 107,
  "meas_method_percent_diff": 0.2785515320334317
}