{
  "coef": [
    10.90891782173042,
    1.129372931061103,
    0.019267078649352936,
    -0.0003433053510931595
  ],
  "extrusion_to_carriage_slack": 66.45,
  "extrusion_to_carriage_max_pull": 111.88,
  "max_pull": 35.333333333333336,
  "number_of_measurements": 113,
  "meas_method_percent_diff": -4.317607413647876
}