{
  "coef": [
    9.167970616121316,
    1.052356714456327,
    0.02615342691765945,
    -0.0004906729845043722
  ],
  "extrusion_to_carriage_slack": 64.43,
  "extrusion_to_carriage_max_pull": 111.81,
  "max_pull": 35.33333333333333
}