{
  "coef": [
    9.969722792469359,
    1.0606559258273711,
    0.027071005470709914,
    -0.0005336000581839176
  ],
  "extrusion_to_carriage_slack": 64.28,
  "extrusion_to_carriage_max_pull": 112.13,
  "max_pull": 34.67,
  "direction": "pulling",
  "pull_ratio": 1.4502307862856116,
  "pull_ratio_calc": {
    "dropout_width": 8.0,
    "small_cog_offset": 3.0,
    "small_cog_position": 11.0,
    "smallest_cog_pull": 0.9488114619320869,
    "second_smallest_cog_pull": 4.269395415147493,
    "second_biggest_cog_pull": 26.059030760660445,
    "biggest_cog_pull": 29.01441462098453,
    "biggest_cog_position": 50.5,
    "total_pitch_inner_cogs": 31.6,
    "pull_ratio": 1.4502307862856116,
    "coefficients": [
      9.969722792469359,
      1.0606559258273711,
      0.027071005470709914,
      -0.0005336000581839176
    ]
  },
  "number_of_measurements": 111,
  "meas_method_percent_diff": 0.23041474654377764
}