{
  "coef": [
    6.643283457049261,
    1.4580010647877082,
    0.032089661054684235,
    -0.0011828055850374264
  ],
  "extrusion_to_carriage_slack": 64.63,
  "extrusion_to_carriage_max_pull": 106.38,
  "max_pull": 26.666666666666668,
  "number_of_measurements": 81,
  "meas_method_percent_diff": 8.526124252664397
}