{
  "coef": [
    6.643283457049286,
    1.4580010647877044,
    0.03208966105468432,
    -0.0011828055850374231
  ],
  "extrusion_to_carriage_slack": 64.63,
  "extrusion_to_carriage_max_pull": 106.38,
  "max_pull": 26.666666666666668
}