{
  "coef": [
    7.0184297950609675,
    1.62947796244961,
    0.01934379804998397,
    -0.000829782837449185
  ],
  "extrusion_to_carriage_slack": 64.15,
  "extrusion_to_carriage_max_pull": 106.21,
  "max_pull": 28.0
}