{
  "coef": [
    8.040162159652244,
    0.9826183780249258,
    0.004630910968997915,
    -8.021587513472452e-05
  ],
  "extrusion_to_carriage_slack": 64.1,
  "extrusion_to_carriage_max_pull": 105.59,
  "max_pull": 41.333333333333336,
  "number_of_measurements": 131
}