{
  "coef": [
    7.7964785108117916,
    0.9682234820556898,
    0.004698771280350041,
    -8.142616209725626e-05
  ],
  "extrusion_to_carriage_slack": 64.08,
  "extrusion_to_carriage_max_pull": 105.59,
  "max_pull": 41.290000000000006,
  "direction": "relaxing",
  "pull_ratio": 1.0429195174622057,
  "pull_ratio_calc": {
    "dropout_width": 8.0,
    "small_cog_offset": 3.0,
    "small_cog_position": 11.0,
    "smallest_cog_pull": 3.259997355002017,
    "second_smallest_cog_pull": 7.267538476981425,
    "second_biggest_cog_pull": 34.45084411593009,
    "biggest_cog_pull": 38.5608477469214,
    "biggest_cog_position": 47.449999999999996,
    "total_pitch_inner_cogs": 28.349999999999998,
    "pull_ratio": 1.0429195174622057,
    "coefficients": [
      7.7964785108117916,
      0.9682234820556898,
      0.004698771280350041,
      -8.142616209725626e-05
    ]
  },
  "number_of_measurements": 67,
  "meas_method_percent_diff": 1.711738703348832e-14
}