{
  "coef": [
    7.752084365341894,
    0.9783066518297628,
    0.005091860143066275,
    -8.900208871268234e-05
  ],
  "extrusion_to_carriage_slack": 63.79,
  "extrusion_to_carriage_max_pull": 105.62,
  "max_pull": 41.7,
  "direction": "pulling",
  "pull_ratio": 1.058824947897161,
  "pull_ratio_calc": {
    "dropout_width": 8.0,
    "small_cog_offset": 3.0,
    "small_cog_position": 11.0,
    "smallest_cog_pull": 3.267539667712175,
    "second_smallest_cog_pull": 7.222513231647621,
    "second_biggest_cog_pull": 33.99747736174621,
    "biggest_cog_pull": 38.05445825019747,
    "biggest_cog_position": 47.449999999999996,
    "total_pitch_inner_cogs": 28.349999999999998,
    "pull_ratio": 1.058824947897161,
    "coefficients": [
      7.752084365341894,
      0.9783066518297628,
      0.005091860143066275,
      -8.900208871268234e-05
    ]
  },
  "number_of_measurements": 130,
  "meas_method_percent_diff": 0.047835446065542034
}