{
  "coef": [
    8.03747998810627,
    0.986580695620707,
    0.004375947864987938,
    -7.726931896535194e-05
  ],
  "extrusion_to_carriage_slack": 64.1,
  "extrusion_to_carriage_max_pull": 105.59,
  "max_pull": 41.269999999999996,
  "direction": "relaxing",
  "pull_ratio": 1.0547208169957298,
  "pull_ratio_calc": {
    "dropout_width": 8.0,
    "small_cog_offset": 3.0,
    "small_cog_position": 11.0,
    "smallest_cog_pull": 2.9658435544372885,
    "second_smallest_cog_pull": 6.921388202184951,
    "second_biggest_cog_pull": 33.800539104650525,
    "biggest_cog_pull": 37.84114382908564,
    "biggest_cog_position": 47.449999999999996,
    "total_pitch_inner_cogs": 28.349999999999998,
    "pull_ratio": 1.0547208169957298,
    "coefficients": [
      8.03747998810627,
      0.986580695620707,
      0.004375947864987938,
      -7.726931896535194e-05
    ]
  },
  "number_of_measurements": 131,
  "meas_method_percent_diff": -0.6227544910179423
}