{
  "coef": [
    8.393446687465836,
    0.9901286634927057,
    0.004908289989625909,
    -8.853513381197972e-05
  ],
  "extrusion_to_carriage_slack": 64.16,
  "extrusion_to_carriage_max_pull": 105.58,
  "max_pull": 40.65,
  "number_of_measurements": 127
}