{
  "coef": [
    8.393446687465836,
    0.9901286634927057,
    0.004908289989625909,
    -8.853513381197972e-05
  ],
  "extrusion_to_carriage_slack": 64.16,
  "extrusion_to_carriage_max_pull": 105.58,
  "max_pull": 40.65,
  "direction": "relaxing",
  "pull_ratio": 1.0646380388075385,
  "pull_ratio_calc": {
    "dropout_width": 8.0,
    "small_cog_offset": 3.0,
    "small_cog_position": 11.0,
    "smallest_cog_pull": 2.600586709571823,
    "second_smallest_cog_pull": 6.53610917516869,
    "second_biggest_cog_pull": 33.16487779567917,
    "biggest_cog_pull": 37.18903194757755,
    "biggest_cog_position": 47.449999999999996,
    "total_pitch_inner_cogs": 28.349999999999998,
    "pull_ratio": 1.0646380388075385,
    "coefficients": [
      8.393446687465836,
      0.9901286634927057,
      0.004908289989625909,
      -8.853513381197972e-05
    ]
  },
  "number_of_measurements": 127,
  "meas_method_percent_diff": -1.2163129024564703
}