{
  "coef": [
    8.021312544445525,
    0.9712137859694869,
    0.005988302876978184,
    -0.00010606492332844593
  ],
  "extrusion_to_carriage_slack": 64.0,
  "extrusion_to_carriage_max_pull": 105.7,
  "max_pull": 42.51,
  "direction": "pulling",
  "pull_ratio": 1.0644116725671569,
  "pull_ratio_calc": {
    "dropout_width": 8.0,
    "small_cog_offset": 3.0,
    "small_cog_position": 11.0,
    "smallest_cog_pull": 3.0139544219390078,
    "second_smallest_cog_pull": 6.974161419904695,
    "second_biggest_cog_pull": 33.608593125849104,
    "biggest_cog_pull": 37.685627626220764,
    "biggest_cog_position": 47.449999999999996,
    "total_pitch_inner_cogs": 28.349999999999998,
    "pull_ratio": 1.0644116725671569,
    "coefficients": [
      8.021312544445525,
      0.9712137859694869,
      0.005988302876978184,
      -0.00010606492332844593
    ]
  },
  "number_of_measurements": 67,
  "meas_method_percent_diff": -0.47732696897371996
}