{
  "coef": [
    7.7964785108117916,
    0.9682234820556898,
    0.004698771280350041,
    -8.142616209725626e-05
  ],
  "extrusion_to_carriage_slack": 64.08,
  "extrusion_to_carriage_max_pull": 105.59,
  "max_pull": 41.290000000000006,
  "number_of_measurements": 67
}