{
  "coef": [
    8.206452137479769,
    0.9808060254838389,
    0.005339001800358484,
    -9.461854547184008e-05
  ],
  "extrusion_to_carriage_slack": 64.04,
  "extrusion_to_carriage_max_pull": 105.79,
  "max_pull": 40.74,
  "number_of_measurements": 130,
  "meas_method_percent_diff": -0.14350633819659214
}