{
  "coef": [
    7.752084365341894,
    0.9783066518297628,
    0.005091860143066275,
    -8.900208871268234e-05
  ],
  "extrusion_to_carriage_slack": 63.79,
  "extrusion_to_carriage_max_pull": 105.62,
  "max_pull": 41.7,
  "number_of_measurements": 130
}