{
  "coef": [
    8.206452137479769,
    0.9808060254838389,
    0.005339001800358484,
    -9.461854547184008e-05
  ],
  "extrusion_to_carriage_slack": 64.04,
  "extrusion_to_carriage_max_pull": 105.79,
  "max_pull": 40.74,
  "direction": "pulling",
  "pull_ratio": 1.063972697405774,
  "pull_ratio_calc": {
    "dropout_width": 8.0,
    "small_cog_offset": 3.0,
    "small_cog_position": 11.0,
    "smallest_cog_pull": 2.8074468891675544,
    "second_smallest_cog_pull": 6.758604558813854,
    "second_biggest_cog_pull": 33.40402513128178,
    "biggest_cog_pull": 37.44401263855435,
    "biggest_cog_position": 47.449999999999996,
    "total_pitch_inner_cogs": 28.349999999999998,
    "pull_ratio": 1.063972697405774,
    "coefficients": [
      8.206452137479769,
      0.9808060254838389,
      0.005339001800358484,
      -9.461854547184008e-05
    ]
  },
  "number_of_measurements": 130,
  "meas_method_percent_diff": -0.14350633819659214
}