{
  "coef": [
    7.6821652964620135,
    0.9714309587225737,
    0.005360484117548281,
    -9.194401559400619e-05
  ],
  "extrusion_to_carriage_slack": 63.79,
  "extrusion_to_carriage_max_pull": 105.62,
  "max_pull": 42.0,
  "number_of_measurements": 130
}