{
  "coef": [
    8.03747998810627,
    0.986580695620707,
    0.004375947864987938,
    -7.726931896535194e-05
  ],
  "extrusion_to_carriage_slack": 64.1,
  "extrusion_to_carriage_max_pull": 105.59,
  "max_pull": 41.269999999999996,
  "number_of_measurements": 131
}