{
  "coef": [
    7.3063751144435365,
    0.8170067068127118,
    0.012771602438867399,
    -0.00018111634957113107
  ],
  "extrusion_to_carriage_slack": 62.81,
  "extrusion_to_carriage_max_pull": 108.7,
  "max_pull": 46.0,
  "direction": "pulling",
  "pull_ratio": 1.0812106707800513,
  "pull_ratio_calc": {
    "dropout_width": 8.0,
    "small_cog_offset": 3.0,
    "small_cog_position": 11.0,
    "smallest_cog_pull": 4.254982317472341,
    "second_smallest_cog_pull": 8.185117333509197,
    "second_biggest_cog_pull": 35.93179132661377,
    "biggest_cog_pull": 39.66087758607,
    "biggest_cog_position": 48.5,
    "total_pitch_inner_cogs": 30.0,
    "pull_ratio": 1.0812106707800513,
    "coefficients": [
      7.3063751144435365,
      0.8170067068127118,
      0.012771602438867399,
      -0.00018111634957113107
    ]
  },
  "number_of_measurements": 149,
  "meas_method_percent_diff": -0.6064544076240007
}