{
  "coef": [
    7.21367274476345,
    0.8843174089128074,
    0.008827754274306076,
    -0.00012299396998732053
  ],
  "extrusion_to_carriage_slack": 62.64,
  "extrusion_to_carriage_max_pull": 108.76,
  "max_pull": 45.33333333333333
}