{
  "coef": [
    7.344179694010606,
    0.8445348337827555,
    0.010277253706711764,
    -0.00013930335797197196
  ],
  "extrusion_to_carriage_slack": 63.16,
  "extrusion_to_carriage_max_pull": 108.91,
  "max_pull": 46.66666666666667
}