{
  "coef": [
    7.213672744763414,
    0.8843174089128112,
    0.008827754274306012,
    -0.00012299396998732037
  ],
  "extrusion_to_carriage_slack": 62.64,
  "extrusion_to_carriage_max_pull": 108.76,
  "max_pull": 45.333333333333336,
  "number_of_measurements": 144
}