{
  "coef": [
    7.3063751144435365,
    0.8170067068127118,
    0.012771602438867399,
    -0.00018111634957113107
  ],
  "extrusion_to_carriage_slack": 62.81,
  "extrusion_to_carriage_max_pull": 108.7,
  "max_pull": 46.0
}