{
  "coef": [
    7.344185401916491,
    0.8445325941983721,
    0.010277416028731237,
    -0.00013930619438526728
  ],
  "extrusion_to_carriage_slack": 63.16,
  "extrusion_to_carriage_max_pull": 108.91,
  "max_pull": 46.666666666666664
}