{
  "coef": [
    7.343686457043393,
    0.8924171387685109,
    0.008392312310034013,
    -0.00011576233885518872
  ],
  "extrusion_to_carriage_slack": 62.9,
  "extrusion_to_carriage_max_pull": 108.79,
  "max_pull": 45.333333333333336,
  "direction": "relaxing",
  "pull_ratio": 1.0705528229975965,
  "pull_ratio_calc": {
    "dropout_width": 8.0,
    "small_cog_offset": 3.0,
    "small_cog_position": 11.0,
    "smallest_cog_pull": 3.95782418702563,
    "second_smallest_cog_pull": 7.78982870190026,
    "second_biggest_cog_pull": 35.81273364927001,
    "biggest_cog_pull": 39.446884750553295,
    "biggest_cog_position": 48.5,
    "total_pitch_inner_cogs": 30.0,
    "pull_ratio": 1.0705528229975965,
    "coefficients": [
      7.343686457043393,
      0.8924171387685109,
      0.008392312310034013,
      -0.00011576233885518872
    ]
  },
  "number_of_measurements": 143,
  "meas_method_percent_diff": -0.6709956709956605
}