{
  "coef": [
    7.213672744763414,
    0.8843174089128112,
    0.008827754274306012,
    -0.00012299396998732037
  ],
  "extrusion_to_carriage_slack": 62.64,
  "extrusion_to_carriage_max_pull": 108.76,
  "max_pull": 45.333333333333336,
  "direction": "relaxing",
  "pull_ratio": 1.069948109811081,
  "pull_ratio_calc": {
    "dropout_width": 8.0,
    "small_cog_offset": 3.0,
    "small_cog_position": 11.0,
    "smallest_cog_pull": 4.1217829296799025,
    "second_smallest_cog_pull": 7.959853295509629,
    "second_biggest_cog_pull": 35.998596226040206,
    "biggest_cog_pull": 39.661569155667735,
    "biggest_cog_position": 48.5,
    "total_pitch_inner_cogs": 30.0,
    "pull_ratio": 1.069948109811081,
    "coefficients": [
      7.213672744763414,
      0.8843174089128112,
      0.008827754274306012,
      -0.00012299396998732037
    ]
  },
  "number_of_measurements": 144,
  "meas_method_percent_diff": -0.021677866897892934
}