{
  "coef": [
    7.343686457043393,
    0.8924171387685109,
    0.008392312310034013,
    -0.00011576233885518872
  ],
  "extrusion_to_carriage_slack": 62.9,
  "extrusion_to_carriage_max_pull": 108.79,
  "max_pull": 45.333333333333336,
  "number_of_measurements": 143,
  "meas_method_percent_diff": -0.6709956709956605
}