{
  "coef": [
    7.9404742859236705,
    0.8312374134435616,
    0.01240894800573836,
    -0.00017988570569017152
  ],
  "extrusion_to_carriage_slack": 63.06,
  "extrusion_to_carriage_max_pull": 108.91,
  "max_pull": 46.66666666666667,
  "number_of_measurements": 146,
  "meas_method_percent_diff": -1.1640439749946243
}