{
  "coef": [
    7.161322149806338,
    0.8236622284294811,
    0.01225477708532319,
    -0.00017159299322236124
  ],
  "extrusion_to_carriage_slack": 62.59,
  "extrusion_to_carriage_max_pull": 108.26,
  "max_pull": 46.0,
  "number_of_measurements": 146,
  "meas_method_percent_diff": -0.9971818773032599
}