{
  "coef": [
    11.239824701634415,
    1.713917865461347,
    0.01564890688528459,
    -0.0008756652563435386
  ],
  "extrusion_to_carriage_slack": 67.21,
  "extrusion_to_carriage_max_pull": 104.03,
  "max_pull": 24.333333333333332
}