{
  "coef": [
    11.369686865152197,
    1.7550758254477425,
    0.011934757517749887,
    -0.0007867216520623609
  ],
  "extrusion_to_carriage_slack": 67.31,
  "extrusion_to_carriage_max_pull": 103.89,
  "max_pull": 24.0
}