{
  "coef": [
    11.28497469750003,
    1.6762403837956066,
    0.01845682076432463,
    -0.0009578393834848509
  ],
  "extrusion_to_carriage_slack": 67.38,
  "extrusion_to_carriage_max_pull": 103.74,
  "max_pull": 24.666666666666668,
  "number_of_measurements": 82
}