{
  "coef": [
    11.239824701634387,
    1.7139178654613536,
    0.015648906885284225,
    -0.0008756652563435352
  ],
  "extrusion_to_carriage_slack": 67.21,
  "extrusion_to_carriage_max_pull": 104.03,
  "max_pull": 24.333333333333332,
  "number_of_measurements": 82
}