{
  "coef": [
    11.517173479231545,
    1.5821645627819114,
    0.021941161629775302,
    -0.0009329001349405369
  ],
  "extrusion_to_carriage_slack": 67.12,
  "extrusion_to_carriage_max_pull": 103.95,
  "max_pull": 24.666666666666668,
  "direction": "pulling",
  "pull_ratio": 1.660974622057765,
  "pull_ratio_calc": {
    "dropout_width": 8.0,
    "small_cog_offset": 4.0,
    "small_cog_position": 12.0,
    "smallest_cog_pull": 0.30390408278011366,
    "second_smallest_cog_pull": 2.711540876368135,
    "second_biggest_cog_pull": 19.358393653531397,
    "biggest_cog_pull": 22.45904753682749,
    "biggest_cog_position": 47.550000000000004,
    "total_pitch_inner_cogs": 27.650000000000002,
    "pull_ratio": 1.660974622057765,
    "coefficients": [
      11.517173479231545,
      1.5821645627819114,
      0.021941161629775302,
      -0.0009329001349405369
    ]
  },
  "number_of_measurements": 82,
  "meas_method_percent_diff": -0.21674342996477458
}