{
  "coef": [
    11.674870235908166,
    1.6439085180602848,
    0.01986234493930468,
    -0.000953238700544179
  ],
  "extrusion_to_carriage_slack": 67.24,
  "extrusion_to_carriage_max_pull": 103.87,
  "max_pull": 24.666666666666664
}