{
  "coef": [
    11.517173479231545,
    1.5821645627819114,
    0.021941161629775302,
    -0.0009329001349405369
  ],
  "extrusion_to_carriage_slack": 67.12,
  "extrusion_to_carriage_max_pull": 103.95,
  "max_pull": 24.666666666666668,
  "number_of_measurements": 82,
  "meas_method_percent_diff": -0.21674342996477458
}