{
  "coef": [
    11.687430719583148,
    1.612289962623768,
    0.020477478096323658,
    -0.0009178845922529965
  ],
  "extrusion_to_carriage_slack": 67.23,
  "extrusion_to_carriage_max_pull": 103.98,
  "max_pull": 24.333333333333332,
  "direction": "pulling",
  "pull_ratio": 1.6695382113670019,
  "pull_ratio_calc": {
    "dropout_width": 8.0,
    "small_cog_offset": 4.0,
    "small_cog_position": 12.0,
    "smallest_cog_pull": 0.19339574775326496,
    "second_smallest_cog_pull": 2.569595786179962,
    "second_biggest_cog_pull": 19.131061592560307,
    "biggest_cog_pull": 22.21738564137797,
    "biggest_cog_position": 47.550000000000004,
    "total_pitch_inner_cogs": 27.650000000000002,
    "pull_ratio": 1.6695382113670019,
    "coefficients": [
      11.687430719583148,
      1.612289962623768,
      0.020477478096323658,
      -0.0009178845922529965
    ]
  },
  "number_of_measurements": 82,
  "meas_method_percent_diff": -0.5143475906876145
}