{
  "coef": [
    11.687430719583148,
    1.612289962623768,
    0.020477478096323658,
    -0.0009178845922529965
  ],
  "extrusion_to_carriage_slack": 67.23,
  "extrusion_to_carriage_max_pull": 103.98,
  "max_pull": 24.333333333333332,
  "number_of_measurements": 82
}