{
  "coef": [
    11.367602814957305,
    1.7557600515774685,
    0.01187483275176261,
    -0.0007851907273838536
  ],
  "extrusion_to_carriage_slack": 67.31,
  "extrusion_to_carriage_max_pull": 103.89,
  "max_pull": 24.0,
  "number_of_measurements": 82
}