{
  "coef": [
    10.787985197577768,
    1.0494520467155248,
    0.0013411975099095435,
    -2.1252657946593037e-05
  ],
  "extrusion_to_carriage_slack": 68.45,
  "extrusion_to_carriage_max_pull": 113.45,
  "max_pull": 43.599999999999994,
  "number_of_measurements": 135,
  "meas_method_percent_diff": -0.3101462117855573
}