{
  "coef": [
    8.140440401940712,
    0.985686152585149,
    0.004085079272025099,
    -5.5577001261649924e-05
  ],
  "extrusion_to_carriage_slack": 65.54,
  "extrusion_to_carriage_max_pull": 111.66,
  "max_pull": 43.55,
  "number_of_measurements": 69,
  "meas_method_percent_diff": -0.6248653307476972
}