{
  "coef": [
    7.8990336895731375,
    0.9514349069930448,
    0.005306706330705508,
    -6.560046723097758e-05
  ],
  "extrusion_to_carriage_slack": 65.28,
  "extrusion_to_carriage_max_pull": 113.47,
  "max_pull": 45.92,
  "number_of_measurements": 72,
  "meas_method_percent_diff": -0.3721314864585481
}