{
  "coef": [
    8.074550604065013,
    0.9537266469136293,
    0.005348082713606126,
    -6.900505644855311e-05
  ],
  "extrusion_to_carriage_slack": 65.28,
  "extrusion_to_carriage_max_pull": 113.69,
  "max_pull": 46.52,
  "number_of_measurements": 74,
  "meas_method_percent_diff": -0.02065262288311672
}