{
  "coef": [
    7.2096166162233075,
    0.9554500670917743,
    0.00498751012367403,
    -6.0796300553900675e-05
  ],
  "extrusion_to_carriage_slack": 65.27,
  "extrusion_to_carriage_max_pull": 113.56,
  "max_pull": 46.81,
  "number_of_measurements": 146,
  "meas_method_percent_diff": 0.8563074352548263
}