{
  "coef": [
    7.899033689573201,
    0.9514349069930389,
    0.005306706330705671,
    -6.560046723097876e-05
  ],
  "extrusion_to_carriage_slack": 65.28,
  "extrusion_to_carriage_max_pull": 113.47,
  "max_pull": 45.92,
  "number_of_measurements": 72,
  "meas_method_percent_diff": -0.3721314864585481
}