{
  "coef": [
    8.140440401940708,
    0.9856861525851492,
    0.004085079272025102,
    -5.5577001261650574e-05
  ],
  "extrusion_to_carriage_slack": 65.54,
  "extrusion_to_carriage_max_pull": 111.66,
  "max_pull": 43.55,
  "number_of_measurements": 69,
  "meas_method_percent_diff": -0.6248653307476972
}