{
  "coef": [
    10.787985197577768,
    1.0494520467155248,
    0.0013411975099095435,
    -2.1252657946593037e-05
  ],
  "extrusion_to_carriage_slack": 68.45,
  "extrusion_to_carriage_max_pull": 113.45,
  "max_pull": 43.599999999999994,
  "direction": "pulling",
  "pull_ratio": 1.0725285421002761,
  "pull_ratio_calc": {
    "dropout_width": 8.0,
    "small_cog_offset": 3.0,
    "small_cog_position": 11.0,
    "smallest_cog_pull": 0.20197232161281256,
    "second_smallest_cog_pull": 3.5693806063645157,
    "second_biggest_cog_pull": 33.358797620324815,
    "biggest_cog_pull": 36.69172941515348,
    "biggest_cog_position": 50.05,
    "total_pitch_inner_cogs": 31.95,
    "pull_ratio": 1.0725285421002761,
    "coefficients": [
      10.787985197577768,
      1.0494520467155248,
      0.0013411975099095435,
      -2.1252657946593037e-05
    ]
  },
  "number_of_measurements": 135,
  "meas_method_percent_diff": -0.3101462117855573
}