{
  "coef": [
    7.8990336895731375,
    0.9514349069930448,
    0.005306706330705508,
    -6.560046723097758e-05
  ],
  "extrusion_to_carriage_slack": 65.28,
  "extrusion_to_carriage_max_pull": 113.47,
  "max_pull": 45.92,
  "direction": "relaxing",
  "pull_ratio": 1.0744163814398888,
  "pull_ratio_calc": {
    "dropout_width": 8.0,
    "small_cog_offset": 3.0,
    "small_cog_position": 11.0,
    "smallest_cog_pull": 3.2042541395141924,
    "second_smallest_cog_pull": 6.7570691643738074,
    "second_biggest_cog_pull": 36.49414368401387,
    "biggest_cog_pull": 39.81279544884103,
    "biggest_cog_position": 50.05,
    "total_pitch_inner_cogs": 31.95,
    "pull_ratio": 1.0744163814398888,
    "coefficients": [
      7.8990336895731375,
      0.9514349069930448,
      0.005306706330705508,
      -6.560046723097758e-05
    ]
  },
  "number_of_measurements": 72,
  "meas_method_percent_diff": -0.3721314864585481
}