{
  "coef": [
    7.5143381802066,
    0.9731533072516172,
    0.004541687778298983,
    -5.904527023580722e-05
  ],
  "extrusion_to_carriage_slack": 65.31,
  "extrusion_to_carriage_max_pull": 113.39,
  "max_pull": 47.09,
  "number_of_measurements": 74,
  "meas_method_percent_diff": -0.45548654244306186
}