{
  "coef": [
    8.074550604064935,
    0.9537266469136363,
    0.005348082713605899,
    -6.900505644855141e-05
  ],
  "extrusion_to_carriage_slack": 65.28,
  "extrusion_to_carriage_max_pull": 113.69,
  "max_pull": 46.52,
  "number_of_measurements": 74,
  "meas_method_percent_diff": -0.02065262288311672
}