{
  "coef": [
    7.2096166162233075,
    0.9554500670917743,
    0.00498751012367403,
    -6.0796300553900675e-05
  ],
  "extrusion_to_carriage_slack": 65.27,
  "extrusion_to_carriage_max_pull": 113.56,
  "max_pull": 46.81,
  "direction": "relaxing",
  "pull_ratio": 1.0737337433601999,
  "pull_ratio_calc": {
    "dropout_width": 8.0,
    "small_cog_offset": 3.0,
    "small_cog_position": 11.0,
    "smallest_cog_pull": 3.8918051690077435,
    "second_smallest_cog_pull": 7.421163345730814,
    "second_biggest_cog_pull": 37.177143538747714,
    "biggest_cog_pull": 40.50245035105496,
    "biggest_cog_position": 50.05,
    "total_pitch_inner_cogs": 31.95,
    "pull_ratio": 1.0737337433601999,
    "coefficients": [
      7.2096166162233075,
      0.9554500670917743,
      0.00498751012367403,
      -6.0796300553900675e-05
    ]
  },
  "number_of_measurements": 146,
  "meas_method_percent_diff": 0.8563074352548263
}