{
  "coef": [
    7.514338180206607,
    0.9731533072516176,
    0.004541687778298973,
    -5.904527023580719e-05
  ],
  "extrusion_to_carriage_slack": 65.31,
  "extrusion_to_carriage_max_pull": 113.39,
  "max_pull": 47.09,
  "number_of_measurements": 74,
  "meas_method_percent_diff": -0.45548654244306186
}