{
  "coef": [
    7.514338180206607,
    0.9731533072516176,
    0.004541687778298973,
    -5.904527023580719e-05
  ],
  "extrusion_to_carriage_slack": 65.31,
  "extrusion_to_carriage_max_pull": 113.39,
  "max_pull": 47.09,
  "direction": "pulling",
  "pull_ratio": 1.074053376141695,
  "pull_ratio_calc": {
    "dropout_width": 8.0,
    "small_cog_offset": 3.0,
    "small_cog_position": 11.0,
    "smallest_cog_pull": 3.5264450031937034,
    "second_smallest_cog_pull": 7.020715848783427,
    "second_biggest_cog_pull": 36.76784081455885,
    "biggest_cog_pull": 40.11562418323911,
    "biggest_cog_position": 50.05,
    "total_pitch_inner_cogs": 31.95,
    "pull_ratio": 1.074053376141695,
    "coefficients": [
      7.514338180206607,
      0.9731533072516176,
      0.004541687778298973,
      -5.904527023580719e-05
    ]
  },
  "number_of_measurements": 74,
  "meas_method_percent_diff": -0.45548654244306186
}