{
  "coef": [
    13.77800196666416,
    1.0467544327618046,
    0.002778708163425997,
    -6.403810487272505e-05
  ],
  "extrusion_to_carriage_slack": 71.41,
  "extrusion_to_carriage_max_pull": 103.75,
  "max_pull": 33.06,
  "number_of_measurements": 104,
  "meas_method_percent_diff": -0.061804697156949695
}