{
  "coef": [
    8.140440401940712,
    0.985686152585149,
    0.004085079272025099,
    -5.5577001261649924e-05
  ],
  "extrusion_to_carriage_slack": 65.54,
  "extrusion_to_carriage_max_pull": 111.66,
  "max_pull": 43.55,
  "direction": "pulling",
  "pull_ratio": 1.0716700543942326,
  "pull_ratio_calc": {
    "dropout_width": 8.0,
    "small_cog_offset": 3.0,
    "small_cog_position": 11.0,
    "smallest_cog_pull": 2.868318823292435,
    "second_smallest_cog_pull": 6.349963421480234,
    "second_biggest_cog_pull": 36.16324398203477,
    "biggest_cog_pull": 39.52520055255998,
    "biggest_cog_position": 50.05,
    "total_pitch_inner_cogs": 31.95,
    "pull_ratio": 1.0716700543942326,
    "coefficients": [
      8.140440401940712,
      0.985686152585149,
      0.004085079272025099,
      -5.5577001261649924e-05
    ]
  },
  "number_of_measurements": 69,
  "meas_method_percent_diff": -0.6248653307476972
}