{
  "coef": [
    8.074550604064935,
    0.9537266469136363,
    0.005348082713605899,
    -6.900505644855141e-05
  ],
  "extrusion_to_carriage_slack": 65.28,
  "extrusion_to_carriage_max_pull": 113.69,
  "max_pull": 46.52,
  "direction": "relaxing",
  "pull_ratio": 1.072626016400348,
  "pull_ratio_calc": {
    "dropout_width": 8.0,
    "small_cog_offset": 3.0,
    "small_cog_position": 11.0,
    "smallest_cog_pull": 3.0182918129895966,
    "second_smallest_cog_pull": 6.568212168613326,
    "second_biggest_cog_pull": 36.35492208566511,
    "biggest_cog_pull": 39.70108503624682,
    "biggest_cog_position": 50.05,
    "total_pitch_inner_cogs": 31.95,
    "pull_ratio": 1.072626016400348,
    "coefficients": [
      8.074550604064935,
      0.9537266469136363,
      0.005348082713605899,
      -6.900505644855141e-05
    ]
  },
  "number_of_measurements": 74,
  "meas_method_percent_diff": -0.02065262288311672
}