{
  "coef": [
    -4.27088145896657,
    0.2984519070712415,
    -0.006525213146397247,
    8.40104494128547e-05
  ],
  "number_of_measurements": 47
}