{
  "coef": [
    -4.156912722535828,
    0.29683091939996953,
    -0.006595470077695534,
    8.473795707838262e-05
  ],
  "number_of_measurements": 47
}