{
  "coef": [
    -3.888297872340427,
    0.1929347826086957,
    -0.0007284921369102687
  ],
  "number_of_measurements": 47
}