{
  "coef": [
    -3.5147307859313948,
    0.18055568665949268,
    -0.000581550844204472
  ],
  "number_of_measurements": 47
}