{
  "coef": [
    -3.771016066000869,
    0.1904000453095207,
    -0.0007485510392871308
  ],
  "number_of_measurements": 47
}