{
  "coef": [
    -3.9362809379070827,
    0.29681984803003747,
    -0.006968674358987575,
    9.256700746062462e-05
  ],
  "number_of_measurements": 47
}