{
  "yawCoefficients": [
    -4.121358373136494,
    0.2973675581670828,
    -0.006696452527693453,
    8.710513798395399e-05
  ],
  "yawNumberOfMeasurements": 141
}