{
  "yawCoefficients": [
    -3.7246815747575632,
    0.18796350485923638,
    -0.0006861980068006238
  ],
  "yawNumberOfMeasurements": 141,
  "yawAffectsPullRatio": true
}