{
  "coef": [
    -0.3730447740974048,
    0.19123057861447937,
    -0.007052286193153058,
    0.00010475223323520523
  ],
  "number_of_measurements": 35
}