{
  "coef": [
    -0.07753674727358928,
    0.1070798817393244,
    -0.0014197855529124866
  ],
  "number_of_measurements": 36
}