{
  "coef": [
    -0.184993564993565,
    0.1196219519748931,
    -0.0017099222981575909
  ],
  "number_of_measurements": 35
}