{
  "coef": [
    -0.2884440831809245,
    0.1764511968846333,
    -0.006621944005844928,
    0.00010233284227092265
  ],
  "number_of_measurements": 35
}