{
  "coef": [
    -0.30111488006225096,
    0.18959939935172182,
    -0.007397810493785753,
    0.00011386714173091925
  ],
  "number_of_measurements": 36
}