{
  "coef": [
    -0.1047361647361642,
    0.10649646590823053,
    -0.0014029690500278712
  ],
  "number_of_measurements": 35
}