{
  "yawCoefficients": [
    -0.3208679124468601,
    0.1857603916169448,
    -0.007024013564261247,
    0.00010698407241234904
  ],
  "yawNumberOfMeasurements": 106
}