{
  "coef": [
    -1.5400854700854696,
    0.10915464567638487,
    -0.002314111009763183,
    2.6800896366113463e-05
  ],
  "number_of_measurements": 24
}