{
  "coef": [
    -1.5916923076923086,
    0.0964536671058412,
    -0.000803689064558635,
    -8.952400256748084e-06
  ],
  "number_of_measurements": 25
}