{
  "coef": [
    -1.5309030100334446,
    0.12940132331436663,
    -0.005826781913738429,
    0.00015911624607276793
  ],
  "number_of_measurements": 23
}