{
  "coef": [
    -1.5971282051282052,
    0.09948494983277595,
    -0.0011259754738015622
  ],
  "number_of_measurements": 25
}