{
  "coef": [
    -1.457391304347826,
    0.08421230942970062,
    -0.0005759457933370916
  ],
  "number_of_measurements": 23
}