{
  "coef": [
    -1.5258461538461532,
    0.10082760717543324,
    -0.001389480085132259
  ],
  "number_of_measurements": 24
}