{
  "yawCoefficients": [
    -1.5542269292704074,
    0.11166987869886423,
    -0.0029815273293534155,
    5.898824739404444e-05
  ],
  "yawNumberOfMeasurements": 72
}