{
  "coef": [
    10.304352043993745,
    0.8758809376973757,
    0.006057165624770183,
    -6.518232472556711e-05
  ],
  "extrusion_to_carriage_slack": 66.51,
  "extrusion_to_carriage_max_pull": 113.15,
  "max_pull": 45.94,
  "number_of_measurements": 146,
  "meas_method_percent_diff": 0.1503113592441492
}