{
  "coef": [
    11.141520465230528,
    0.8472444910174659,
    0.008945072020768597,
    -0.00011343415365371346
  ],
  "extrusion_to_carriage_slack": 66.81,
  "extrusion_to_carriage_max_pull": 111.89,
  "max_pull": 43.099999999999994,
  "direction": "relaxing",
  "pull_ratio": 1.055531920942931,
  "pull_ratio_calc": {
    "dropout_width": 12.0,
    "small_cog_offset": 3.0,
    "small_cog_position": 15.0,
    "smallest_cog_pull": 4.364193418982331,
    "second_smallest_cog_pull": 8.531061946950064,
    "second_biggest_cog_pull": 34.726385320306335,
    "biggest_cog_pull": 38.50391430161486,
    "biggest_cog_position": 50.550000000000004,
    "total_pitch_inner_cogs": 27.650000000000002,
    "pull_ratio": 1.055531920942931,
    "coefficients": [
      11.141520465230528,
      0.8472444910174659,
      0.008945072020768597,
      -0.00011343415365371346
    ]
  },
  "number_of_measurements": 70,
  "meas_method_percent_diff": -0.17714791851195372
}