{
  "coef": [
    11.352427507794609,
    0.8493884416226043,
    0.00824092955849233,
    -9.966570338455948e-05
  ],
  "extrusion_to_carriage_slack": 67.06,
  "extrusion_to_carriage_max_pull": 112.72,
  "max_pull": 44.22,
  "number_of_measurements": 72,
  "meas_method_percent_diff": -0.1530723813689206
}