{
  "coef": [
    10.549466796650776,
    0.8531866437387791,
    0.00897827829394414,
    -0.00011914289263854428
  ],
  "extrusion_to_carriage_slack": 66.67,
  "extrusion_to_carriage_max_pull": 112.7,
  "max_pull": 44.77,
  "number_of_measurements": 72,
  "meas_method_percent_diff": 0.3050773589017227
}