{
  "coef": [
    10.177587234837436,
    0.8447115404012487,
    0.008867321189098531,
    -0.00011956627771028095
  ],
  "extrusion_to_carriage_slack": 66.5,
  "extrusion_to_carriage_max_pull": 112.72,
  "max_pull": 46.33,
  "number_of_measurements": 146,
  "meas_method_percent_diff": -0.08646779074792921
}