{
  "coef": [
    10.296568252541586,
    0.8375028651572545,
    0.008976055194771926,
    -0.00011398497896395572
  ],
  "extrusion_to_carriage_slack": 67.01,
  "extrusion_to_carriage_max_pull": 112.02,
  "max_pull": 44.489999999999995,
  "number_of_measurements": 71,
  "meas_method_percent_diff": -0.464396284829739
}