{
  "coef": [
    10.172236577374825,
    0.8464084124544727,
    0.008762791083237001,
    -0.00011792131918761899
  ],
  "extrusion_to_carriage_slack": 66.5,
  "extrusion_to_carriage_max_pull": 112.72,
  "max_pull": 46.33,
  "number_of_measurements": 146,
  "meas_method_percent_diff": -0.08646779074792921
}