{
  "coef": [
    11.141520465230503,
    0.8472444910174687,
    0.008945072020768528,
    -0.00011343415365371314
  ],
  "extrusion_to_carriage_slack": 66.81,
  "extrusion_to_carriage_max_pull": 111.89,
  "max_pull": 43.099999999999994,
  "number_of_measurements": 70,
  "meas_method_percent_diff": -0.17714791851195372
}