{
  "coef": [
    10.549466796650776,
    0.8531866437387791,
    0.00897827829394414,
    -0.00011914289263854428
  ],
  "extrusion_to_carriage_slack": 66.67,
  "extrusion_to_carriage_max_pull": 112.7,
  "max_pull": 44.77,
  "direction": "pulling",
  "pull_ratio": 1.0551824713394773,
  "pull_ratio_calc": {
    "dropout_width": 12.0,
    "small_cog_offset": 3.0,
    "small_cog_position": 15.0,
    "smallest_cog_pull": 4.9732672898352135,
    "second_smallest_cog_pull": 9.082598060742107,
    "second_biggest_cog_pull": 35.28659665910808,
    "biggest_cog_pull": 39.13647936694147,
    "biggest_cog_position": 50.550000000000004,
    "total_pitch_inner_cogs": 27.650000000000002,
    "pull_ratio": 1.0551824713394773,
    "coefficients": [
      10.549466796650776,
      0.8531866437387791,
      0.00897827829394414,
      -0.00011914289263854428
    ]
  },
  "number_of_measurements": 72,
  "meas_method_percent_diff": 0.3050773589017227
}