{
  "coef": [
    10.304352043993745,
    0.8758809376973757,
    0.006057165624770183,
    -6.518232472556711e-05
  ],
  "extrusion_to_carriage_slack": 66.51,
  "extrusion_to_carriage_max_pull": 113.15,
  "max_pull": 45.94,
  "direction": "relaxing",
  "pull_ratio": 1.0383745449996167,
  "pull_ratio_calc": {
    "dropout_width": 12.0,
    "small_cog_offset": 3.0,
    "small_cog_position": 15.0,
    "smallest_cog_pull": 5.185481190027715,
    "second_smallest_cog_pull": 9.32932922553323,
    "second_biggest_cog_pull": 35.957485831597,
    "biggest_cog_pull": 39.70481112523988,
    "biggest_cog_position": 50.550000000000004,
    "total_pitch_inner_cogs": 27.650000000000002,
    "pull_ratio": 1.0383745449996167,
    "coefficients": [
      10.304352043993745,
      0.8758809376973757,
      0.006057165624770183,
      -6.518232472556711e-05
    ]
  },
  "number_of_measurements": 146,
  "meas_method_percent_diff": 0.1503113592441492
}