{
  "coef": [
    10.172236577374822,
    0.846408412454474,
    0.008762791083236875,
    -0.0001179213191876166
  ],
  "extrusion_to_carriage_slack": 66.5,
  "extrusion_to_carriage_max_pull": 112.72,
  "max_pull": 46.33,
  "number_of_measurements": 146,
  "meas_method_percent_diff": -0.08646779074792921
}