{
  "coef": [
    11.352427507794609,
    0.8493884416226043,
    0.00824092955849233,
    -9.966570338455948e-05
  ],
  "extrusion_to_carriage_slack": 67.06,
  "extrusion_to_carriage_max_pull": 112.72,
  "max_pull": 44.22,
  "direction": "relaxing",
  "pull_ratio": 1.0482977131102718,
  "pull_ratio_calc": {
    "dropout_width": 12.0,
    "small_cog_offset": 3.0,
    "small_cog_position": 15.0,
    "smallest_cog_pull": 4.136635722968954,
    "second_smallest_cog_pull": 8.338225266193112,
    "second_biggest_cog_pull": 34.71432020010571,
    "biggest_cog_pull": 38.4698179153444,
    "biggest_cog_position": 50.550000000000004,
    "total_pitch_inner_cogs": 27.650000000000002,
    "pull_ratio": 1.0482977131102718,
    "coefficients": [
      11.352427507794609,
      0.8493884416226043,
      0.00824092955849233,
      -9.966570338455948e-05
    ]
  },
  "number_of_measurements": 72,
  "meas_method_percent_diff": -0.1530723813689206
}