{
  "basePullRatio": 1.0480941756972713,
  "maxPull": 44.80833333333334,
  "coefficients": [
    10.63609527393101,
    0.8516019652813257,
    0.008326715295997324,
    -0.00010488856209232585
  ],
  "physicalLowLimit": 10.63609527393101,
  "physicalHighLimit": 56.076868483895375,
  "numberOfMeasurements": 577,
  "Base Pull Ratio Averaged Across Pulling Runs": "1.048 +/- 0.011",
  "Base Pull Ratio Averaged Across Relaxing Runs": "1.047 +/- 0.014",
  "Base Pull Ratio Averaged Across All Runs": "1.048 +/- 0.013",
  "Base Pull Ratio 95% Confidence Interval": "1.035 to 1.061",
  "meas_method_percent_diffs": [
    -0.08646779074792921,
    0.1503113592441492,
    -0.464396284829739,
    -0.17714791851195372,
    0.3050773589017227,
    -0.1530723813689206
  ],
  "Caliper vs Indicator percent difference": "Caliper vs Indicator percent difference: -0.07094927621877843 +/- 0.4922167734024139",
  "pullRatioCalc": {
    "dropout_width": 12.0,
    "small_cog_offset": 3.0,
    "small_cog_position": 15.0,
    "smallest_cog_pull": 4.903749371851818,
    "second_smallest_cog_pull": 9.052737563946664,
    "second_biggest_cog_pull": 35.433954673187,
    "biggest_cog_pull": 39.252946798054474,
    "biggest_cog_position": 50.550000000000004,
    "total_pitch_inner_cogs": 27.650000000000002,
    "pull_ratio": 1.0480941756972713,
    "coefficients": [
      10.63609527393101,
      0.8516019652813257,
      0.008326715295997324,
      -0.00010488856209232585
    ]
  }
}