{"coef": [10.120461949786662, 0.19184446540412303, 0.4633134153190065, -0.34306236783306643], "extrusion_to_carriage_slack": 67.4, "extrusion_to_carriage_max_pull": 111.79, "max_pull": 0.88}