{"coef": [10.108243733933474, 0.7398391072824808, -0.41830995748737854, 0.1369921469075404], "extrusion_to_carriage_slack": 67.43, "extrusion_to_carriage_max_pull": 111.82, "max_pull": 1.5399999999999991}