{
  "coef": [
    -2.7190451635715402,
    0.15217099973197545,
    -0.00321612590472489,
    5.1763324593727445e-05
  ],
  "number_of_measurements": 41
}