{
  "coef": [
    -2.6642001409443266,
    0.10626477889665645,
    -0.00023437519183407216
  ],
  "number_of_measurements": 43
}