{
  "coef": [
    -2.530489278163695,
    0.0994761548717871,
    -8.683177287827938e-05
  ],
  "number_of_measurements": 42
}