{
  "yawCoefficients": [
    -2.7029088210202423,
    0.1392689321423693,
    -0.002394760806805497,
    3.6762177012244894e-05
  ],
  "yawNumberOfMeasurements": 126
}