{
  "yawCoefficients": [
    -2.586769362861251,
    0.10294331637354888,
    -0.00014384446460453165
  ],
  "yawNumberOfMeasurements": 126,
  "yawAffectsPullRatio": true
}