{
  "coef": [
    10.525364972106559,
    1.0594487856829213,
    0.026840750044200726,
    -0.0005230778485784253
  ],
  "extrusion_to_carriage_slack": 63.94,
  "extrusion_to_carriage_max_pull": 109.38,
  "max_pull": 33.66666666666667,
  "direction": "pulling",
  "pull_ratio": 1.450903782330119,
  "pull_ratio_calc": {
    "dropout_width": 8.0,
    "small_cog_offset": 3.2,
    "small_cog_position": 11.2,
    "smallest_cog_pull": 0.6269429710256946,
    "second_smallest_cog_pull": 3.992685553883244,
    "second_biggest_cog_pull": 23.0497728237191,
    "biggest_cog_pull": 25.80547445407556,
    "biggest_cog_position": 46.75,
    "total_pitch_inner_cogs": 27.650000000000002,
    "pull_ratio": 1.450903782330119,
    "coefficients": [
      10.525364972106559,
      1.0594487856829213,
      0.026840750044200726,
      -0.0005230778485784253
    ]
  },
  "number_of_measurements": 110,
  "meas_method_percent_diff": -0.41639272408504235
}