{
  "coef": [
    11.17106846421196,
    1.0990674696606004,
    0.022232275496851354,
    -0.0004193239203680807
  ],
  "extrusion_to_carriage_slack": 64.57,
  "extrusion_to_carriage_max_pull": 109.47,
  "max_pull": 34.0
}