{
  "coef": [
    10.525364972106559,
    1.0594487856829213,
    0.026840750044200726,
    -0.0005230778485784253
  ],
  "extrusion_to_carriage_slack": 63.94,
  "extrusion_to_carriage_max_pull": 109.38,
  "max_pull": 33.66666666666667
}