{
  "coef": [
    10.449775538923635,
    1.1797948514690075,
    0.020979459030750623,
    -0.0004436399536618845
  ],
  "extrusion_to_carriage_slack": 64.07,
  "extrusion_to_carriage_max_pull": 109.42,
  "max_pull": 33.333333333333336
}