{
  "coef": [
    10.738230101579948,
    1.1027662189389702,
    0.025462183848280116,
    -0.000523409252094396
  ],
  "extrusion_to_carriage_slack": 65.15,
  "extrusion_to_carriage_max_pull": 109.33,
  "max_pull": 33.333333333333336,
  "direction": "relaxing",
  "pull_ratio": 1.4542006850418876,
  "pull_ratio_calc": {
    "dropout_width": 8.0,
    "small_cog_offset": 3.2,
    "small_cog_position": 11.2,
    "smallest_cog_pull": 0.41479895663985433,
    "second_smallest_cog_pull": 3.707457527313453,
    "second_biggest_cog_pull": 22.721339369353405,
    "biggest_cog_pull": 25.50963032459384,
    "biggest_cog_position": 46.75,
    "total_pitch_inner_cogs": 27.650000000000002,
    "pull_ratio": 1.4542006850418876,
    "coefficients": [
      10.738230101579948,
      1.1027662189389702,
      0.025462183848280116,
      -0.000523409252094396
    ]
  },
  "number_of_measurements": 110,
  "meas_method_percent_diff": -0.5626828719333944
}