{
  "coef": [
    10.738230101579948,
    1.1027662189389702,
    0.025462183848280116,
    -0.000523409252094396
  ],
  "extrusion_to_carriage_slack": 65.15,
  "extrusion_to_carriage_max_pull": 109.33,
  "max_pull": 33.333333333333336,
  "number_of_measurements": 110,
  "meas_method_percent_diff": -0.5626828719333944
}