{
  "coef": [
    10.73823010157989,
    1.1027662189389835,
    0.02546218384827971,
    -0.0005234092520943963
  ],
  "extrusion_to_carriage_slack": 65.15,
  "extrusion_to_carriage_max_pull": 109.33,
  "max_pull": 33.333333333333336
}