{
  "coef": [
    10.385632644509041,
    1.168201219786753,
    0.021652523435415752,
    -0.00045344040316906166
  ],
  "extrusion_to_carriage_slack": 63.86,
  "extrusion_to_carriage_max_pull": 109.29,
  "max_pull": 33.0
}