{
  "coef": [
    10.44977553892372,
    1.1797948514689882,
    0.02097945903075125,
    -0.0004436399536618851
  ],
  "extrusion_to_carriage_slack": 64.07,
  "extrusion_to_carriage_max_pull": 109.42,
  "max_pull": 33.333333333333336,
  "number_of_measurements": 109
}