{
  "coef": [
    10.44977553892372,
    1.1797948514689882,
    0.02097945903075125,
    -0.0004436399536618851
  ],
  "extrusion_to_carriage_slack": 64.07,
  "extrusion_to_carriage_max_pull": 109.42,
  "max_pull": 33.333333333333336,
  "direction": "relaxing",
  "pull_ratio": 1.4621491985331083,
  "pull_ratio_calc": {
    "dropout_width": 8.0,
    "small_cog_offset": 3.2,
    "small_cog_position": 11.2,
    "smallest_cog_pull": 0.6289531947348447,
    "second_smallest_cog_pull": 3.7533107888364703,
    "second_biggest_cog_pull": 22.66382965226004,
    "biggest_cog_pull": 25.44925746075156,
    "biggest_cog_position": 46.75,
    "total_pitch_inner_cogs": 27.650000000000002,
    "pull_ratio": 1.4621491985331083,
    "coefficients": [
      10.44977553892372,
      1.1797948514689882,
      0.02097945903075125,
      -0.0004436399536618851
    ]
  },
  "number_of_measurements": 109,
  "meas_method_percent_diff": -0.3734622144112359
}