{
  "coef": [
    11.17106846421196,
    1.0990674696606004,
    0.022232275496851354,
    -0.0004193239203680807
  ],
  "extrusion_to_carriage_slack": 64.57,
  "extrusion_to_carriage_max_pull": 109.47,
  "max_pull": 34.0,
  "direction": "pulling",
  "pull_ratio": 1.4262111504591153,
  "pull_ratio_calc": {
    "dropout_width": 8.0,
    "small_cog_offset": 3.2,
    "small_cog_position": 11.2,
    "smallest_cog_pull": 0.026309717114485383,
    "second_smallest_cog_pull": 3.401277094897163,
    "second_biggest_cog_pull": 22.788308244596926,
    "biggest_cog_pull": 25.534739121961742,
    "biggest_cog_position": 46.75,
    "total_pitch_inner_cogs": 27.650000000000002,
    "pull_ratio": 1.4262111504591153,
    "coefficients": [
      11.17106846421196,
      1.0990674696606004,
      0.022232275496851354,
      -0.0004193239203680807
    ]
  },
  "number_of_measurements": 110,
  "meas_method_percent_diff": -0.4875886524822356
}