{
  "coef": [
    10.385632644509045,
    1.1682012197867506,
    0.021652523435415807,
    -0.0004534404031690597
  ],
  "extrusion_to_carriage_slack": 63.86,
  "extrusion_to_carriage_max_pull": 109.29,
  "max_pull": 33.0,
  "direction": "relaxing",
  "pull_ratio": 1.4628832402645064,
  "pull_ratio_calc": {
    "dropout_width": 8.0,
    "small_cog_offset": 3.2,
    "small_cog_position": 11.2,
    "smallest_cog_pull": 0.6884539083155942,
    "second_smallest_cog_pull": 3.828488007266362,
    "second_biggest_cog_pull": 22.72951799992699,
    "biggest_cog_pull": 25.510338875318478,
    "biggest_cog_position": 46.75,
    "total_pitch_inner_cogs": 27.650000000000002,
    "pull_ratio": 1.4628832402645064,
    "coefficients": [
      10.385632644509045,
      1.1682012197867506,
      0.021652523435415807,
      -0.0004534404031690597
    ]
  },
  "number_of_measurements": 108,
  "meas_method_percent_diff": -0.3946502959877058
}