{
  "coef": [
    10.385632644509045,
    1.1682012197867506,
    0.021652523435415807,
    -0.0004534404031690597
  ],
  "extrusion_to_carriage_slack": 63.86,
  "extrusion_to_carriage_max_pull": 109.29,
  "max_pull": 33.0,
  "number_of_measurements": 108,
  "meas_method_percent_diff": -0.3946502959877058
}