{
  "coef": [
    10.392282287001422,
    1.0962293725302839,
    0.021276366678547036,
    -0.0004019156743010676
  ],
  "extrusion_to_carriage_slack": 63.81,
  "extrusion_to_carriage_max_pull": 109.48,
  "max_pull": 33.66666666666667,
  "number_of_measurements": 110
}