{
  "coef": [
    7.9530431374117825,
    0.9849246538545081,
    0.006849088011077084,
    -0.0001030759493978924
  ],
  "extrusion_to_carriage_slack": 64.22,
  "extrusion_to_carriage_max_pull": 106.64,
  "max_pull": 39.666666666666664,
  "direction": "relaxing",
  "pull_ratio": 1.1185350486702506,
  "pull_ratio_calc": {
    "dropout_width": 8.0,
    "small_cog_offset": 3.0,
    "small_cog_position": 11.0,
    "smallest_cog_pull": 3.0325612866903606,
    "second_smallest_cog_pull": 6.908220688492085,
    "second_biggest_cog_pull": 28.63306518834803,
    "biggest_cog_pull": 32.26541346156043,
    "biggest_cog_position": 43.4,
    "total_pitch_inner_cogs": 24.299999999999997,
    "pull_ratio": 1.1185350486702506,
    "coefficients": [
      7.9530431374117825,
      0.9849246538545081,
      0.006849088011077084,
      -0.0001030759493978924
    ]
  },
  "number_of_measurements": 129,
  "meas_method_percent_diff": -1.2569832402234618
}