{
  "coef": [
    7.556353282629637,
    1.0314095916513517,
    0.002782376710739605,
    -2.255096894860162e-05
  ],
  "extrusion_to_carriage_slack": 64.05,
  "extrusion_to_carriage_max_pull": 108.46,
  "max_pull": 42.33333333333333,
  "number_of_measurements": 135
}