{
  "coef": [
    7.5729061051743365,
    0.9360728146105334,
    0.008599681364980686,
    -0.0001235177030280065
  ],
  "extrusion_to_carriage_slack": 64.02,
  "extrusion_to_carriage_max_pull": 108.46,
  "max_pull": 42.333333333333336,
  "direction": "relaxing",
  "pull_ratio": 1.1125141749421001,
  "pull_ratio_calc": {
    "dropout_width": 8.0,
    "small_cog_offset": 3.0,
    "small_cog_position": 11.0,
    "smallest_cog_pull": 3.5511929452900888,
    "second_smallest_cog_pull": 7.523865967203978,
    "second_biggest_cog_pull": 29.36628429078594,
    "biggest_cog_pull": 33.009538991626286,
    "biggest_cog_position": 43.4,
    "total_pitch_inner_cogs": 24.299999999999997,
    "pull_ratio": 1.1125141749421001,
    "coefficients": [
      7.5729061051743365,
      0.9360728146105334,
      0.008599681364980686,
      -0.0001235177030280065
    ]
  },
  "number_of_measurements": 136,
  "meas_method_percent_diff": -0.4703247480403313
}