{
  "coef": [
    7.5729061051743365,
    0.9360728146105334,
    0.008599681364980686,
    -0.0001235177030280065
  ],
  "extrusion_to_carriage_slack": 64.02,
  "extrusion_to_carriage_max_pull": 108.46,
  "max_pull": 42.333333333333336,
  "number_of_measurements": 136,
  "meas_method_percent_diff": -0.4703247480403313
}