{
  "coef": [
    7.776498083989498,
    0.9881203992898787,
    0.007172939307168287,
    -0.00011140859124980823
  ],
  "extrusion_to_carriage_slack": 64.04,
  "extrusion_to_carriage_max_pull": 108.47,
  "max_pull": 41.666666666666664,
  "direction": "relaxing",
  "pull_ratio": 1.1246847847382155,
  "pull_ratio_calc": {
    "dropout_width": 8.0,
    "small_cog_offset": 3.0,
    "small_cog_position": 11.0,
    "smallest_cog_pull": 3.1919619834944046,
    "second_smallest_cog_pull": 7.040469847244438,
    "second_biggest_cog_pull": 28.64652367650125,
    "biggest_cog_pull": 32.28008253264844,
    "biggest_cog_position": 43.4,
    "total_pitch_inner_cogs": 24.299999999999997,
    "pull_ratio": 1.1246847847382155,
    "coefficients": [
      7.776498083989498,
      0.9881203992898787,
      0.007172939307168287,
      -0.00011140859124980823
    ]
  },
  "number_of_measurements": 134,
  "meas_method_percent_diff": -0.648479427549209
}