{
  "coef": [
    7.801871693067149,
    0.979691735225777,
    0.005744657809654768,
    -6.909878091107145e-05
  ],
  "extrusion_to_carriage_slack": 63.88,
  "extrusion_to_carriage_max_pull": 101.46,
  "max_pull": 39.666666666666664,
  "direction": "pulling",
  "pull_ratio": 1.1113133824975792,
  "pull_ratio_calc": {
    "dropout_width": 8.0,
    "small_cog_offset": 3.0,
    "small_cog_position": 11.0,
    "smallest_cog_pull": 3.206460859674078,
    "second_smallest_cog_pull": 7.126129296318678,
    "second_biggest_cog_pull": 28.992148713261074,
    "biggest_cog_pull": 32.55500804886879,
    "biggest_cog_position": 43.4,
    "total_pitch_inner_cogs": 24.299999999999997,
    "pull_ratio": 1.1113133824975792,
    "coefficients": [
      7.801871693067149,
      0.979691735225777,
      0.005744657809654768,
      -6.909878091107145e-05
    ]
  },
  "number_of_measurements": 129,
  "meas_method_percent_diff": -12.989117851354496
}