{
  "coef": [
    7.572906105174322,
    0.9360728146105363,
    0.008599681364980672,
    -0.00012351770302800838
  ],
  "extrusion_to_carriage_slack": 64.02,
  "extrusion_to_carriage_max_pull": 108.46,
  "max_pull": 42.333333333333336
}