{
  "coef": [
    7.777916442632165,
    0.987588563425612,
    0.00721195786734828,
    -0.00011214678022618658
  ],
  "extrusion_to_carriage_slack": 64.04,
  "extrusion_to_carriage_max_pull": 108.47,
  "max_pull": 41.66666666666667
}