{
  "coef": [
    7.761335383266072,
    1.0075798301508325,
    0.004206097238994177,
    -4.675611274143904e-05
  ],
  "extrusion_to_carriage_slack": 63.97,
  "extrusion_to_carriage_max_pull": 108.4,
  "max_pull": 42.0,
  "number_of_measurements": 134
}