{
  "coef": [
    7.801871693067149,
    0.979691735225777,
    0.005744657809654768,
    -6.909878091107145e-05
  ],
  "extrusion_to_carriage_slack": 63.88,
  "extrusion_to_carriage_max_pull": 101.46,
  "max_pull": 39.666666666666664,
  "number_of_measurements": 129,
  "meas_method_percent_diff": -12.989117851354496
}