{
  "coef": [
    7.9530431374117825,
    0.9849246538545081,
    0.006849088011077084,
    -0.0001030759493978924
  ],
  "extrusion_to_carriage_slack": 64.22,
  "extrusion_to_carriage_max_pull": 106.64,
  "max_pull": 39.666666666666664,
  "number_of_measurements": 129,
  "meas_method_percent_diff": -1.2569832402234618
}