{
  "coef": [
    7.761335383266072,
    1.0075798301508325,
    0.004206097238994177,
    -4.675611274143904e-05
  ],
  "extrusion_to_carriage_slack": 63.97,
  "extrusion_to_carriage_max_pull": 108.4,
  "max_pull": 42.0,
  "direction": "pulling",
  "pull_ratio": 1.1079602223120693,
  "pull_ratio_calc": {
    "dropout_width": 8.0,
    "small_cog_offset": 3.0,
    "small_cog_position": 11.0,
    "smallest_cog_pull": 3.173736571098871,
    "second_smallest_cog_pull": 7.042977329206323,
    "second_biggest_cog_pull": 28.97517264691479,
    "biggest_cog_pull": 32.54826940539999,
    "biggest_cog_position": 43.4,
    "total_pitch_inner_cogs": 24.299999999999997,
    "pull_ratio": 1.1079602223120693,
    "coefficients": [
      7.761335383266072,
      1.0075798301508325,
      0.004206097238994177,
      -4.675611274143904e-05
    ]
  },
  "number_of_measurements": 134,
  "meas_method_percent_diff": -0.6928922664282255
}