{
  "coef": [
    7.776498083989498,
    0.9881203992898787,
    0.007172939307168287,
    -0.00011140859124980823
  ],
  "extrusion_to_carriage_slack": 64.04,
  "extrusion_to_carriage_max_pull": 108.47,
  "max_pull": 41.666666666666664,
  "number_of_measurements": 134,
  "meas_method_percent_diff": -0.648479427549209
}