{
  "coef": [
    12.316715715484573,
    1.127248791978803,
    0.009516300058811107,
    -0.00011309031940765216
  ],
  "extrusion_to_carriage_slack": 61.7,
  "extrusion_to_carriage_max_pull": NaN,
  "max_pull": 31.333333333333336
}