{
  "coef": [
    12.764699363492767,
    1.1836302263073342,
    0.00908323074292105,
    -0.00016643787657189847
  ],
  "extrusion_to_carriage_slack": 61.6,
  "extrusion_to_carriage_max_pull": NaN,
  "max_pull": 30.000000000000004,
  "direction": "pulling",
  "pull_ratio": 1.3281017263883634,
  "pull_ratio_calc": {
    "dropout_width": 12.5,
    "small_cog_offset": 3.0,
    "small_cog_position": 15.5,
    "smallest_cog_pull": 2.2729467609633023,
    "second_smallest_cog_pull": 5.4434246290760075,
    "second_biggest_cog_pull": 26.262612986876988,
    "biggest_cog_pull": 29.29503615741313,
    "biggest_cog_position": 51.050000000000004,
    "total_pitch_inner_cogs": 27.650000000000002,
    "pull_ratio": 1.3281017263883634,
    "coefficients": [
      12.764699363492767,
      1.1836302263073342,
      0.00908323074292105,
      -0.00016643787657189847
    ]
  },
  "number_of_measurements": 101,
  "meas_method_percent_diff": NaN
}