{
  "coef": [
    12.316715715484637,
    1.127248791978791,
    0.009516300058811607,
    -0.00011309031940765763
  ],
  "extrusion_to_carriage_slack": 61.7,
  "extrusion_to_carriage_max_pull": NaN,
  "max_pull": 31.333333333333332,
  "number_of_measurements": 104
}