{
  "coef": [
    12.185567389783301,
    1.148534833161769,
    0.007920198486161437,
    -7.798035525352763e-05
  ],
  "extrusion_to_carriage_slack": 61.59,
  "extrusion_to_carriage_max_pull": NaN,
  "max_pull": 30.666666666666668
}