{
  "coef": [
    12.764699363492767,
    1.1836302263073342,
    0.00908323074292105,
    -0.00016643787657189847
  ],
  "extrusion_to_carriage_slack": 61.6,
  "extrusion_to_carriage_max_pull": NaN,
  "max_pull": 30.000000000000004,
  "number_of_measurements": 101,
  "meas_method_percent_diff": NaN
}