{
  "coef": [
    12.413206228716742,
    1.2043460443265304,
    0.008347672703899044,
    -0.00016644710201576664
  ],
  "extrusion_to_carriage_slack": 61.42,
  "extrusion_to_carriage_max_pull": NaN,
  "max_pull": 30.333333333333332,
  "number_of_measurements": 103,
  "meas_method_percent_diff": NaN
}