{
  "coef": [
    12.18556738978328,
    1.14853483316177,
    0.007920198486161292,
    -7.798035525352013e-05
  ],
  "extrusion_to_carriage_slack": 61.59,
  "extrusion_to_carriage_max_pull": NaN,
  "max_pull": 30.666666666666664
}