{
  "coef": [
    12.845657560156834,
    1.1881213260400303,
    0.008109227026782715,
    -0.00014019237227041496
  ],
  "extrusion_to_carriage_slack": 61.8,
  "extrusion_to_carriage_max_pull": NaN,
  "max_pull": 30.333333333333332,
  "number_of_measurements": 103
}