{
  "coef": [
    12.306292957978389,
    1.1058172823740255,
    0.011070986468277201,
    -0.00014886422786731827
  ],
  "extrusion_to_carriage_slack": 61.63,
  "extrusion_to_carriage_max_pull": NaN,
  "max_pull": 31.999999999999996
}