{
  "coef": [
    12.3062929579784,
    1.105817282374024,
    0.011070986468277191,
    -0.00014886422786731732
  ],
  "extrusion_to_carriage_slack": 61.63,
  "extrusion_to_carriage_max_pull": NaN,
  "max_pull": 32.0
}