{
  "basePullRatio": 1.3300282959484169,
  "maxPull": 30.777777777777782,
  "coefficients": [
    12.472023202602115,
    1.1596164173647463,
    0.009007935914475509,
    -0.0001355020422310971
  ],
  "physicalLowLimit": 12.472023202602115,
  "physicalHighLimit": 52.74485099753495,
  "numberOfMeasurements": 612,
  "Base Pull Ratio Averaged Across Pulling Runs": "1.326 +/- 0.003",
  "Base Pull Ratio Averaged Across Relaxing Runs": "1.336 +/- 0.003",
  "Base Pull Ratio Averaged Across All Runs": "1.331 +/- 0.010",
  "Base Pull Ratio 95% Confidence Interval": "1.321 to 1.341",
  "meas_method_percent_diffs": [],
  "Caliper vs Indicator percent difference": "Caliper vs Indicator percent difference: nan +/- nan",
  "pullRatioCalc": {
    "dropout_width": 12.5,
    "small_cog_offset": 3.0,
    "small_cog_position": 15.5,
    "smallest_cog_pull": 2.562159195731393,
    "second_smallest_cog_pull": 5.780494890786051,
    "second_biggest_cog_pull": 26.569526285252238,
    "biggest_cog_pull": 29.506577041009734,
    "biggest_cog_position": 51.050000000000004,
    "total_pitch_inner_cogs": 27.650000000000002,
    "pull_ratio": 1.3300282959484169,
    "coefficients": [
      12.472023202602115,
      1.1596164173647463,
      0.009007935914475509,
      -0.0001355020422310971
    ]
  }
}