{
  "coef": [
    11.720149685721108,
    1.1857451572860862,
    0.007027699852779684,
    -0.00019266127272802149
  ],
  "extrusion_to_carriage_slack": 68.77,
  "extrusion_to_carriage_max_pull": 110.42,
  "max_pull": 38.0
}