{
  "coef": [
    12.644267559548055,
    1.3038472902562581,
    -0.0009437319922333861,
    -5.314870581537017e-05
  ],
  "extrusion_to_carriage_slack": 68.86,
  "extrusion_to_carriage_max_pull": 110.34,
  "max_pull": 35.7,
  "direction": "relaxing",
  "pull_ratio": 1.2235121584135682,
  "pull_ratio_calc": {
    "dropout_width": 11.0,
    "small_cog_offset": 3.0,
    "small_cog_position": 14.0,
    "smallest_cog_pull": 1.0406236284878412,
    "second_smallest_cog_pull": 3.9295475006046874,
    "second_biggest_cog_pull": 28.44912402765664,
    "biggest_cog_pull": 31.85253214187857,
    "biggest_cog_position": 51.5,
    "total_pitch_inner_cogs": 30.0,
    "pull_ratio": 1.2235121584135682,
    "coefficients": [
      12.644267559548055,
      1.3038472902562581,
      -0.0009437319922333861,
      -5.314870581537017e-05
    ]
  },
  "number_of_measurements": 119,
  "meas_method_percent_diff": -0.8604206500956009
}