{
  "coef": [
    12.644267559548055,
    1.3038472902562581,
    -0.0009437319922333861,
    -5.314870581537017e-05
  ],
  "extrusion_to_carriage_slack": 68.86,
  "extrusion_to_carriage_max_pull": 110.34,
  "max_pull": 35.7,
  "number_of_measurements": 119,
  "meas_method_percent_diff": -0.8604206500956009
}