{
  "coef": [
    11.76225393537947,
    1.196948133791018,
    0.006187567765565925,
    -0.00017751554065819597
  ],
  "extrusion_to_carriage_slack": 68.77,
  "extrusion_to_carriage_max_pull": 110.42,
  "max_pull": 37.45,
  "direction": "pulling",
  "pull_ratio": 1.2260970863516174,
  "pull_ratio_calc": {
    "dropout_width": 11.0,
    "small_cog_offset": 3.0,
    "small_cog_position": 14.0,
    "smallest_cog_pull": 1.8527413265472998,
    "second_smallest_cog_pull": 4.896000301251671,
    "second_biggest_cog_pull": 29.36388325599239,
    "biggest_cog_pull": 32.88270613122298,
    "biggest_cog_position": 51.5,
    "total_pitch_inner_cogs": 30.0,
    "pull_ratio": 1.2260970863516174,
    "coefficients": [
      11.76225393537947,
      1.196948133791018,
      0.006187567765565925,
      -0.00017751554065819597
    ]
  },
  "number_of_measurements": 117,
  "meas_method_percent_diff": -0.02400384061447649
}