{
  "coef": [
    12.6172565859802,
    1.2994554120240878,
    -0.000335925746508537,
    -6.504086467162815e-05
  ],
  "extrusion_to_carriage_slack": 68.86,
  "extrusion_to_carriage_max_pull": 110.34,
  "max_pull": 36.0,
  "number_of_measurements": 119
}