{
  "coef": [
    11.720149685721143,
    1.1857451572860829,
    0.007027699852779864,
    -0.00019266127272802496
  ],
  "extrusion_to_carriage_slack": 68.77,
  "extrusion_to_carriage_max_pull": 110.42,
  "max_pull": 38.0
}