{
  "coef": [
    11.76225393537947,
    1.196948133791018,
    0.006187567765565925,
    -0.00017751554065819597
  ],
  "extrusion_to_carriage_slack": 68.77,
  "extrusion_to_carriage_max_pull": 110.42,
  "max_pull": 37.45,
  "number_of_measurements": 117,
  "meas_method_percent_diff": -0.02400384061447649
}